-- MySQL dump 10.13  Distrib 5.7.29, for Linux (x86_64)
--
-- Host: localhost    Database: guild
-- ------------------------------------------------------
-- Server version	5.7.29-0ubuntu0.18.04.1

/*!40101 SET @OLD_CHARACTER_SET_CLIENT=@@CHARACTER_SET_CLIENT */;
/*!40101 SET @OLD_CHARACTER_SET_RESULTS=@@CHARACTER_SET_RESULTS */;
/*!40101 SET @OLD_COLLATION_CONNECTION=@@COLLATION_CONNECTION */;
/*!40101 SET NAMES utf8 */;
/*!40103 SET @OLD_TIME_ZONE=@@TIME_ZONE */;
/*!40103 SET TIME_ZONE='+00:00' */;
/*!40014 SET @OLD_UNIQUE_CHECKS=@@UNIQUE_CHECKS, UNIQUE_CHECKS=0 */;
/*!40014 SET @OLD_FOREIGN_KEY_CHECKS=@@FOREIGN_KEY_CHECKS, FOREIGN_KEY_CHECKS=0 */;
/*!40101 SET @OLD_SQL_MODE=@@SQL_MODE, SQL_MODE='NO_AUTO_VALUE_ON_ZERO' */;
/*!40111 SET @OLD_SQL_NOTES=@@SQL_NOTES, SQL_NOTES=0 */;

--
-- Table structure for table `auth_group`
--

DROP TABLE IF EXISTS `auth_group`;
/*!40101 SET @saved_cs_client     = @@character_set_client */;
/*!40101 SET character_set_client = utf8 */;
CREATE TABLE `auth_group` (
  `id` int(11) NOT NULL AUTO_INCREMENT,
  `name` varchar(150) NOT NULL,
  PRIMARY KEY (`id`),
  UNIQUE KEY `name` (`name`)
) ENGINE=InnoDB DEFAULT CHARSET=latin1;
/*!40101 SET character_set_client = @saved_cs_client */;

--
-- Dumping data for table `auth_group`
--

LOCK TABLES `auth_group` WRITE;
/*!40000 ALTER TABLE `auth_group` DISABLE KEYS */;
/*!40000 ALTER TABLE `auth_group` ENABLE KEYS */;
UNLOCK TABLES;

--
-- Table structure for table `auth_group_permissions`
--

DROP TABLE IF EXISTS `auth_group_permissions`;
/*!40101 SET @saved_cs_client     = @@character_set_client */;
/*!40101 SET character_set_client = utf8 */;
CREATE TABLE `auth_group_permissions` (
  `id` int(11) NOT NULL AUTO_INCREMENT,
  `group_id` int(11) NOT NULL,
  `permission_id` int(11) NOT NULL,
  PRIMARY KEY (`id`),
  UNIQUE KEY `auth_group_permissions_group_id_permission_id_0cd325b0_uniq` (`group_id`,`permission_id`),
  KEY `auth_group_permissio_permission_id_84c5c92e_fk_auth_perm` (`permission_id`),
  CONSTRAINT `auth_group_permissio_permission_id_84c5c92e_fk_auth_perm` FOREIGN KEY (`permission_id`) REFERENCES `auth_permission` (`id`),
  CONSTRAINT `auth_group_permissions_group_id_b120cbf9_fk_auth_group_id` FOREIGN KEY (`group_id`) REFERENCES `auth_group` (`id`)
) ENGINE=InnoDB DEFAULT CHARSET=latin1;
/*!40101 SET character_set_client = @saved_cs_client */;

--
-- Dumping data for table `auth_group_permissions`
--

LOCK TABLES `auth_group_permissions` WRITE;
/*!40000 ALTER TABLE `auth_group_permissions` DISABLE KEYS */;
/*!40000 ALTER TABLE `auth_group_permissions` ENABLE KEYS */;
UNLOCK TABLES;

--
-- Table structure for table `auth_permission`
--

DROP TABLE IF EXISTS `auth_permission`;
/*!40101 SET @saved_cs_client     = @@character_set_client */;
/*!40101 SET character_set_client = utf8 */;
CREATE TABLE `auth_permission` (
  `id` int(11) NOT NULL AUTO_INCREMENT,
  `name` varchar(255) NOT NULL,
  `content_type_id` int(11) NOT NULL,
  `codename` varchar(100) NOT NULL,
  PRIMARY KEY (`id`),
  UNIQUE KEY `auth_permission_content_type_id_codename_01ab375a_uniq` (`content_type_id`,`codename`),
  CONSTRAINT `auth_permission_content_type_id_2f476e4b_fk_django_co` FOREIGN KEY (`content_type_id`) REFERENCES `django_content_type` (`id`)
) ENGINE=InnoDB AUTO_INCREMENT=85 DEFAULT CHARSET=latin1;
/*!40101 SET character_set_client = @saved_cs_client */;

--
-- Dumping data for table `auth_permission`
--

LOCK TABLES `auth_permission` WRITE;
/*!40000 ALTER TABLE `auth_permission` DISABLE KEYS */;
INSERT INTO `auth_permission` VALUES (1,'Can add brand',1,'add_brand'),(2,'Can change brand',1,'change_brand'),(3,'Can delete brand',1,'delete_brand'),(4,'Can view brand',1,'view_brand'),(5,'Can add coupon categories',2,'add_couponcategories'),(6,'Can change coupon categories',2,'change_couponcategories'),(7,'Can delete coupon categories',2,'delete_couponcategories'),(8,'Can view coupon categories',2,'view_couponcategories'),(9,'Can add coupon type',3,'add_coupontype'),(10,'Can change coupon type',3,'change_coupontype'),(11,'Can delete coupon type',3,'delete_coupontype'),(12,'Can view coupon type',3,'view_coupontype'),(13,'Can add local',4,'add_local'),(14,'Can change local',4,'change_local'),(15,'Can delete local',4,'delete_local'),(16,'Can view local',4,'view_local'),(17,'Can add coupon',5,'add_coupon'),(18,'Can change coupon',5,'change_coupon'),(19,'Can delete coupon',5,'delete_coupon'),(20,'Can view coupon',5,'view_coupon'),(21,'Can add log entry',6,'add_logentry'),(22,'Can change log entry',6,'change_logentry'),(23,'Can delete log entry',6,'delete_logentry'),(24,'Can view log entry',6,'view_logentry'),(25,'Can add permission',7,'add_permission'),(26,'Can change permission',7,'change_permission'),(27,'Can delete permission',7,'delete_permission'),(28,'Can view permission',7,'view_permission'),(29,'Can add group',8,'add_group'),(30,'Can change group',8,'change_group'),(31,'Can delete group',8,'delete_group'),(32,'Can view group',8,'view_group'),(33,'Can add user',9,'add_user'),(34,'Can change user',9,'change_user'),(35,'Can delete user',9,'delete_user'),(36,'Can view user',9,'view_user'),(37,'Can add content type',10,'add_contenttype'),(38,'Can change content type',10,'change_contenttype'),(39,'Can delete content type',10,'delete_contenttype'),(40,'Can view content type',10,'view_contenttype'),(41,'Can add session',11,'add_session'),(42,'Can change session',11,'change_session'),(43,'Can delete session',11,'delete_session'),(44,'Can view session',11,'view_session'),(45,'Can add user type',12,'add_usertype'),(46,'Can change user type',12,'change_usertype'),(47,'Can delete user type',12,'delete_usertype'),(48,'Can view user type',12,'view_usertype'),(49,'Can add platform user',13,'add_platformuser'),(50,'Can change platform user',13,'change_platformuser'),(51,'Can delete platform user',13,'delete_platformuser'),(52,'Can view platform user',13,'view_platformuser'),(53,'Can add bookmark',14,'add_bookmark'),(54,'Can change bookmark',14,'change_bookmark'),(55,'Can delete bookmark',14,'delete_bookmark'),(56,'Can view bookmark',14,'view_bookmark'),(57,'Can add pinned application',15,'add_pinnedapplication'),(58,'Can change pinned application',15,'change_pinnedapplication'),(59,'Can delete pinned application',15,'delete_pinnedapplication'),(60,'Can view pinned application',15,'view_pinnedapplication'),(61,'Can add user dashboard module',16,'add_userdashboardmodule'),(62,'Can change user dashboard module',16,'change_userdashboardmodule'),(63,'Can delete user dashboard module',16,'delete_userdashboardmodule'),(64,'Can view user dashboard module',16,'view_userdashboardmodule'),(65,'Can add Token',17,'add_token'),(66,'Can change Token',17,'change_token'),(67,'Can delete Token',17,'delete_token'),(68,'Can view Token',17,'view_token'),(69,'Can add user dashboard module',18,'add_userdashboardmodule'),(70,'Can change user dashboard module',18,'change_userdashboardmodule'),(71,'Can delete user dashboard module',18,'delete_userdashboardmodule'),(72,'Can view user dashboard module',18,'view_userdashboardmodule'),(73,'Can add cors model',19,'add_corsmodel'),(74,'Can change cors model',19,'change_corsmodel'),(75,'Can delete cors model',19,'delete_corsmodel'),(76,'Can view cors model',19,'view_corsmodel'),(77,'Can add coupon log',20,'add_couponlog'),(78,'Can change coupon log',20,'change_couponlog'),(79,'Can delete coupon log',20,'delete_couponlog'),(80,'Can view coupon log',20,'view_couponlog'),(81,'Can add coupon edit start',21,'add_couponeditstart'),(82,'Can change coupon edit start',21,'change_couponeditstart'),(83,'Can delete coupon edit start',21,'delete_couponeditstart'),(84,'Can view coupon edit start',21,'view_couponeditstart');
/*!40000 ALTER TABLE `auth_permission` ENABLE KEYS */;
UNLOCK TABLES;

--
-- Table structure for table `auth_user`
--

DROP TABLE IF EXISTS `auth_user`;
/*!40101 SET @saved_cs_client     = @@character_set_client */;
/*!40101 SET character_set_client = utf8 */;
CREATE TABLE `auth_user` (
  `id` int(11) NOT NULL AUTO_INCREMENT,
  `password` varchar(128) NOT NULL,
  `last_login` datetime(6) DEFAULT NULL,
  `is_superuser` tinyint(1) NOT NULL,
  `username` varchar(150) NOT NULL,
  `first_name` varchar(30) NOT NULL,
  `last_name` varchar(150) NOT NULL,
  `email` varchar(254) NOT NULL,
  `is_staff` tinyint(1) NOT NULL,
  `is_active` tinyint(1) NOT NULL,
  `date_joined` datetime(6) NOT NULL,
  PRIMARY KEY (`id`),
  UNIQUE KEY `username` (`username`)
) ENGINE=InnoDB AUTO_INCREMENT=3 DEFAULT CHARSET=latin1;
/*!40101 SET character_set_client = @saved_cs_client */;

--
-- Dumping data for table `auth_user`
--

LOCK TABLES `auth_user` WRITE;
/*!40000 ALTER TABLE `auth_user` DISABLE KEYS */;
INSERT INTO `auth_user` VALUES (1,'pbkdf2_sha256$150000$0DHkNr2jdQFT$B0XMz25hpLVcd3NUAuhhPtDliJQoU3qPSzphMLylMtw=','2020-05-03 18:31:34.923032',1,'admin','','','',1,1,'2020-05-02 12:02:36.122687'),(2,'pbkdf2_sha256$150000$2EBrWyykAoAn$yH7zCgo/ASKSl3UfGwI7nHx9geBi1JzJPIhwUmqS7NQ=',NULL,0,'content_writer','','','',0,1,'2020-05-04 01:43:04.568636');
/*!40000 ALTER TABLE `auth_user` ENABLE KEYS */;
UNLOCK TABLES;

--
-- Table structure for table `auth_user_groups`
--

DROP TABLE IF EXISTS `auth_user_groups`;
/*!40101 SET @saved_cs_client     = @@character_set_client */;
/*!40101 SET character_set_client = utf8 */;
CREATE TABLE `auth_user_groups` (
  `id` int(11) NOT NULL AUTO_INCREMENT,
  `user_id` int(11) NOT NULL,
  `group_id` int(11) NOT NULL,
  PRIMARY KEY (`id`),
  UNIQUE KEY `auth_user_groups_user_id_group_id_94350c0c_uniq` (`user_id`,`group_id`),
  KEY `auth_user_groups_group_id_97559544_fk_auth_group_id` (`group_id`),
  CONSTRAINT `auth_user_groups_group_id_97559544_fk_auth_group_id` FOREIGN KEY (`group_id`) REFERENCES `auth_group` (`id`),
  CONSTRAINT `auth_user_groups_user_id_6a12ed8b_fk_auth_user_id` FOREIGN KEY (`user_id`) REFERENCES `auth_user` (`id`)
) ENGINE=InnoDB DEFAULT CHARSET=latin1;
/*!40101 SET character_set_client = @saved_cs_client */;

--
-- Dumping data for table `auth_user_groups`
--

LOCK TABLES `auth_user_groups` WRITE;
/*!40000 ALTER TABLE `auth_user_groups` DISABLE KEYS */;
/*!40000 ALTER TABLE `auth_user_groups` ENABLE KEYS */;
UNLOCK TABLES;

--
-- Table structure for table `auth_user_user_permissions`
--

DROP TABLE IF EXISTS `auth_user_user_permissions`;
/*!40101 SET @saved_cs_client     = @@character_set_client */;
/*!40101 SET character_set_client = utf8 */;
CREATE TABLE `auth_user_user_permissions` (
  `id` int(11) NOT NULL AUTO_INCREMENT,
  `user_id` int(11) NOT NULL,
  `permission_id` int(11) NOT NULL,
  PRIMARY KEY (`id`),
  UNIQUE KEY `auth_user_user_permissions_user_id_permission_id_14a6b632_uniq` (`user_id`,`permission_id`),
  KEY `auth_user_user_permi_permission_id_1fbb5f2c_fk_auth_perm` (`permission_id`),
  CONSTRAINT `auth_user_user_permi_permission_id_1fbb5f2c_fk_auth_perm` FOREIGN KEY (`permission_id`) REFERENCES `auth_permission` (`id`),
  CONSTRAINT `auth_user_user_permissions_user_id_a95ead1b_fk_auth_user_id` FOREIGN KEY (`user_id`) REFERENCES `auth_user` (`id`)
) ENGINE=InnoDB DEFAULT CHARSET=latin1;
/*!40101 SET character_set_client = @saved_cs_client */;

--
-- Dumping data for table `auth_user_user_permissions`
--

LOCK TABLES `auth_user_user_permissions` WRITE;
/*!40000 ALTER TABLE `auth_user_user_permissions` DISABLE KEYS */;
/*!40000 ALTER TABLE `auth_user_user_permissions` ENABLE KEYS */;
UNLOCK TABLES;

--
-- Table structure for table `authtoken_token`
--

DROP TABLE IF EXISTS `authtoken_token`;
/*!40101 SET @saved_cs_client     = @@character_set_client */;
/*!40101 SET character_set_client = utf8 */;
CREATE TABLE `authtoken_token` (
  `key` varchar(40) NOT NULL,
  `created` datetime(6) NOT NULL,
  `user_id` int(11) NOT NULL,
  PRIMARY KEY (`key`),
  UNIQUE KEY `user_id` (`user_id`),
  CONSTRAINT `authtoken_token_user_id_35299eff_fk_auth_user_id` FOREIGN KEY (`user_id`) REFERENCES `auth_user` (`id`)
) ENGINE=InnoDB DEFAULT CHARSET=latin1;
/*!40101 SET character_set_client = @saved_cs_client */;

--
-- Dumping data for table `authtoken_token`
--

LOCK TABLES `authtoken_token` WRITE;
/*!40000 ALTER TABLE `authtoken_token` DISABLE KEYS */;
INSERT INTO `authtoken_token` VALUES ('72d003810d6a728c6468ed0eb51354e0d4d18123','2020-05-02 14:16:16.240302',1),('7a071738ceb13a08f16d260fea7fe0a339e68282','2020-05-04 01:43:44.905951',2);
/*!40000 ALTER TABLE `authtoken_token` ENABLE KEYS */;
UNLOCK TABLES;

--
-- Table structure for table `brands`
--

DROP TABLE IF EXISTS `brands`;
/*!40101 SET @saved_cs_client     = @@character_set_client */;
/*!40101 SET character_set_client = utf8 */;
CREATE TABLE `brands` (
  `id` int(11) NOT NULL AUTO_INCREMENT,
  `name` varchar(250) DEFAULT NULL,
  `created_at` datetime(6) DEFAULT NULL,
  `updated_at` datetime(6) NOT NULL,
  PRIMARY KEY (`id`)
) ENGINE=InnoDB DEFAULT CHARSET=latin1;
/*!40101 SET character_set_client = @saved_cs_client */;

--
-- Dumping data for table `brands`
--

LOCK TABLES `brands` WRITE;
/*!40000 ALTER TABLE `brands` DISABLE KEYS */;
/*!40000 ALTER TABLE `brands` ENABLE KEYS */;
UNLOCK TABLES;

--
-- Table structure for table `corsheaders_corsmodel`
--

DROP TABLE IF EXISTS `corsheaders_corsmodel`;
/*!40101 SET @saved_cs_client     = @@character_set_client */;
/*!40101 SET character_set_client = utf8 */;
CREATE TABLE `corsheaders_corsmodel` (
  `id` int(11) NOT NULL AUTO_INCREMENT,
  `cors` varchar(255) NOT NULL,
  PRIMARY KEY (`id`)
) ENGINE=InnoDB DEFAULT CHARSET=latin1;
/*!40101 SET character_set_client = @saved_cs_client */;

--
-- Dumping data for table `corsheaders_corsmodel`
--

LOCK TABLES `corsheaders_corsmodel` WRITE;
/*!40000 ALTER TABLE `corsheaders_corsmodel` DISABLE KEYS */;
/*!40000 ALTER TABLE `corsheaders_corsmodel` ENABLE KEYS */;
UNLOCK TABLES;

--
-- Table structure for table `coupon`
--

DROP TABLE IF EXISTS `coupon`;
/*!40101 SET @saved_cs_client     = @@character_set_client */;
/*!40101 SET character_set_client = utf8 */;
CREATE TABLE `coupon` (
  `id` int(11) NOT NULL AUTO_INCREMENT,
  `nCouponID` int(11) DEFAULT NULL,
  `cMerchant` varchar(250) DEFAULT NULL,
  `nMerchantID` int(11) DEFAULT NULL,
  `nMasterMerchantID` int(11) DEFAULT NULL,
  `cNetwork` varchar(250) DEFAULT NULL,
  `cStatus` varchar(250) DEFAULT NULL,
  `cLabel` varchar(250) DEFAULT NULL,
  `cImage` varchar(100) DEFAULT NULL,
  `cRestrictions` varchar(250) DEFAULT NULL,
  `cCode` varchar(250) DEFAULT NULL,
  `dtStartDate` datetime(6) DEFAULT NULL,
  `dtEndDate` datetime(6) DEFAULT NULL,
  `cLastUpdated` datetime(6) NOT NULL,
  `cCreated` datetime(6) DEFAULT NULL,
  `cAffiliateURL` varchar(250) DEFAULT NULL,
  `cDirectURL` varchar(250) DEFAULT NULL,
  `cSkimlinksURL` varchar(250) DEFAULT NULL,
  `cFreshReachURL` varchar(250) DEFAULT NULL,
  `cFMTCURL` varchar(250) DEFAULT NULL,
  `cPixelHTML` varchar(250) DEFAULT NULL,
  `fSalePrice` double NOT NULL,
  `fWasPrice` double NOT NULL,
  `fDiscount` double NOT NULL,
  `nPercent` double NOT NULL,
  `fThreshold` double NOT NULL,
  `fRating` double NOT NULL,
  `bStarred` double NOT NULL,
  `nLinkID` int(11) DEFAULT NULL,
  `published` tinyint(1) NOT NULL,
  `cDescription` longtext,
  PRIMARY KEY (`id`)
) ENGINE=InnoDB AUTO_INCREMENT=232 DEFAULT CHARSET=latin1;
/*!40101 SET character_set_client = @saved_cs_client */;

--
-- Dumping data for table `coupon`
--

LOCK TABLES `coupon` WRITE;
/*!40000 ALTER TABLE `coupon` DISABLE KEYS */;
INSERT INTO `coupon` VALUES (1,2865153,'123Inkjets',673,673,'CJ','active','Printer6','','','','2012-03-29 07:00:00.000000','2050-12-31 23:59:59.000000','2020-05-04 01:49:34.276251','2012-03-30 00:15:23.000000','http://www.dpbolvw.net/click-ACTID-10298292','http://www.123inkjets.com/','','','http://fmtc.co/2865153/5cf2b393a1a8ad0610a32571bd98c573','<img src=\"//www.dpbolvw.net/image-ACTID-10298292\" width=\"1\" height=\"1\" border=\"0\" />',0,0,0,0,0,5,0,0,1,'Nice Nice Nice 3 Nice4 Nice 5 Nice6Nice 7Nice8Nice9'),(2,35475083,'123Inkjets',673,673,'CJ','active','12% off Ink and Toner + Free Shipping on $55+ order.','','Offer excludes OEM items.','Q3INK123','2019-09-05 07:00:00.000000','2019-10-01 06:59:00.000000','2020-05-03 22:40:40.595122','2019-09-05 10:36:52.000000','http://www.jdoqocy.com/click-ACTID-13753304-1567672635000','http://www.123inkjets.com/deals/ink-toner-offer?coupon=Q3INK123','','','http://fmtc.co/35475083/5cf2b393a1a8ad0610a32571bd98c573','<img src=\"//www.jdoqocy.com/image-ACTID-13753304-1567672635000\" width=\"1\" height=\"1\" border=\"0\" />',0,0,0,12,55,24.909,0,13753304,0,NULL),(3,35581835,'123Inkjets',673,673,'CJ','active','Free Shipping Sale - 15% off Ink and Toner and Free Shipping.','','Offer excludes OEM items.','123SHIP','2019-09-16 07:00:00.000000','2019-09-25 06:59:00.000000','2020-05-03 21:14:31.729613','2019-09-16 11:39:47.000000','http://www.jdoqocy.com/click-ACTID-13750593-1567700383000','https://www.123inkjets.com/deals/todays-deals?coupon=123SHIP','','','http://fmtc.co/35581835/5cf2b393a1a8ad0610a32571bd98c573','<img src=\"//www.jdoqocy.com/image-ACTID-13750593-1567700383000\" width=\"1\" height=\"1\" border=\"0\" />',0,0,0,15,0,24.85,0,13750593,1,NULL),(4,435699,'1-800-FLORALS',2569,2569,'CJ','active','Shop Romantic Roses.','','','','2006-05-17 07:00:00.000000','2050-12-31 23:59:59.000000','2020-05-04 01:49:41.589373','2009-04-05 20:46:18.000000','http://www.jdoqocy.com/click-ACTID-5656131-1540584902000','https://www.800florals.com/category.asp?category=rr&ID=%40AF1','','','http://fmtc.co/435699/5cf2b393a1a8ad0610a32571bd98c573','<img src=\"//www.jdoqocy.com/image-ACTID-5656131-1540584902000\" width=\"1\" height=\"1\" border=\"0\" />',0,0,0,0,0,5,0,5656131,1,NULL),(5,435700,'1-800-FLORALS',2569,2569,'CJ','active','Shop Anniversary Flowers.','','','','2006-05-17 07:00:00.000000','2050-12-31 23:59:59.000000','2020-05-03 22:32:38.751680','2009-04-05 20:48:16.000000','http://www.jdoqocy.com/click-ACTID-5656129-1540584887000','https://www.800florals.com/category.asp?category=la&ID=%40AF1','','','http://fmtc.co/435700/5cf2b393a1a8ad0610a32571bd98c573','<img src=\"//www.jdoqocy.com/image-ACTID-5656129-1540584887000\" width=\"1\" height=\"1\" border=\"0\" />',0,0,0,0,0,5,0,5656129,0,NULL),(6,435701,'1-800-FLORALS',2569,2569,'CJ','active','Shop Sympathy Flowers for Home.','','','','2006-05-17 07:00:00.000000','2050-12-31 23:59:59.000000','2020-05-02 13:07:22.887841','2009-04-05 20:49:22.000000','http://www.jdoqocy.com/click-ACTID-10281235-1441316733000','https://www.800florals.com/category.asp?category=sh&ID=%40AF1','','','http://fmtc.co/435701/5cf2b393a1a8ad0610a32571bd98c573','<img src=\"//www.jdoqocy.com/image-ACTID-10281235-1441316733000\" width=\"1\" height=\"1\" border=\"0\" />',0,0,0,0,0,5,0,10281235,0,NULL),(7,3367283,'1-800-FLORALS',2569,2569,'CJ','active','Same Day Nationwide Floral Delivery Guaranteed.','','','','2006-05-17 07:00:00.000000','2050-12-31 23:59:59.000000','2020-05-02 13:07:23.231889','2012-07-01 01:30:31.000000','http://www.jdoqocy.com/click-ACTID-5656121-1441316733000','https://www.800florals.com/index.asp?ID=%40AF1','','','http://fmtc.co/3367283/5cf2b393a1a8ad0610a32571bd98c573','<img src=\"//www.jdoqocy.com/image-ACTID-5656121-1441316733000\" width=\"1\" height=\"1\" border=\"0\" />',0,0,0,0,0,19,0,5656121,0,NULL),(8,5799869,'1-800-FLORALS',2569,2569,'CJ','active','Shop Monthly Flowers Gifts.','','','','2006-05-17 07:00:00.000000','2050-12-31 23:59:59.000000','2020-05-02 13:07:23.535355','2014-04-08 05:16:45.000000','http://www.jdoqocy.com/click-ACTID-11760543-1540583953000','https://www.800florals.com/category.asp?category=mo&ID=%40AF1','','','http://fmtc.co/5799869/5cf2b393a1a8ad0610a32571bd98c573','<img src=\"//www.jdoqocy.com/image-ACTID-11760543-1540583953000\" width=\"1\" height=\"1\" border=\"0\" />',0,0,0,0,0,5,0,11760543,0,NULL),(9,34882462,'1-800-GET-LENS',2644,2644,'CJ','active','Shop Sunglasses.','','','','2019-07-08 07:00:00.000000','2050-12-31 23:59:59.000000','2020-05-02 13:07:24.102537','2019-07-08 14:20:10.000000','http://www.anrdoezrs.net/click-ACTID-10463509?url=https%3A%2F%2Fwww.1800getlens.com%2Fsunglasses%2F','https://www.1800getlens.com/','','','http://fmtc.co/34882462/5cf2b393a1a8ad0610a32571bd98c573','<img src=\"//www.anrdoezrs.net/image-ACTID-10463509\" width=\"1\" height=\"1\" border=\"0\" />',0,0,0,0,0,5,0,10463509,0,NULL),(10,35161325,'1-800-GET-LENS',2644,2644,'CJ','active','Free Standard Shipping Plus $20 off Orders of $225+.','','','SCHOOL-19ZU','2019-07-31 18:30:00.000000','2019-09-30 18:29:00.000000','2020-05-02 13:07:25.129047','2019-08-01 17:25:35.000000','http://www.jdoqocy.com/click-ACTID-13791871-1564668268000','http://www.1800getlens.com','','','http://fmtc.co/35161325/5cf2b393a1a8ad0610a32571bd98c573','<img src=\"//www.jdoqocy.com/image-ACTID-13791871-1564668268000\" width=\"1\" height=\"1\" border=\"0\" />',0,0,20,0,0,23.8,0,13791871,0,NULL),(11,35458213,'1-800-GET-LENS',2644,2644,'CJ','active','$5 off Orders Over $199 and Free Shipping.','','','1800-UC19','2019-08-31 18:30:00.000000','2019-09-30 18:29:00.000000','2020-05-02 13:07:26.189230','2019-09-03 17:20:49.000000','http://www.jdoqocy.com/click-ACTID-13818537-1567518506000','http://www.1800getlens.com','','','http://fmtc.co/35458213/5cf2b393a1a8ad0610a32571bd98c573','<img src=\"//www.jdoqocy.com/image-ACTID-13818537-1567518506000\" width=\"1\" height=\"1\" border=\"0\" />',0,0,5,0,199,23.785,0,13818537,0,NULL),(12,33937962,'1800Lighting.com',7000,7000,'CJ','active','Free Shipping on All $49+ orders.','','','','2019-04-17 07:00:00.000000','2050-12-31 23:59:59.000000','2020-05-02 13:07:26.716182','2019-04-17 13:15:40.000000','http://www.jdoqocy.com/click-ACTID-12249533-1493751269000','http://www.1800lighting.com/','','','http://fmtc.co/33937962/5cf2b393a1a8ad0610a32571bd98c573','<img src=\"//www.jdoqocy.com/image-ACTID-12249533-1493751269000\" width=\"1\" height=\"1\" border=\"0\" />',0,0,0,0,49,20.09,0,12249533,0,NULL),(13,33937964,'1800Lighting.com',7000,7000,'CJ','active','15% off Your First order.','','','','2019-04-17 07:00:00.000000','2050-12-31 23:59:59.000000','2020-05-02 13:07:27.273373','2019-04-17 13:16:53.000000','http://www.jdoqocy.com/click-ACTID-13205161-1516027100000','http://www.1800lighting.com','','','http://fmtc.co/33937964/5cf2b393a1a8ad0610a32571bd98c573','<img src=\"//www.jdoqocy.com/image-ACTID-13205161-1516027100000\" width=\"1\" height=\"1\" border=\"0\" />',0,0,0,15,0,9.15,0,13205161,0,NULL),(14,33937965,'1800Lighting.com',7000,7000,'CJ','active','Shop Top Outdoor Lighting Designs.','','','','2019-04-17 07:00:00.000000','2050-12-31 23:59:59.000000','2020-05-02 13:07:27.814323','2019-04-17 13:17:18.000000','http://www.jdoqocy.com/click-ACTID-11636220-1493751269000','http://www.1800lighting.com/Outdoor-Lighting/mn/N-a5/','','','http://fmtc.co/33937965/5cf2b393a1a8ad0610a32571bd98c573','<img src=\"//www.jdoqocy.com/image-ACTID-11636220-1493751269000\" width=\"1\" height=\"1\" border=\"0\" />',0,0,0,0,0,5,0,11636220,0,NULL),(15,35601022,'360training.com',10177,10177,'SAS','active','OSHA 10 Hour and 30 Hour Online Training.','','','','2019-09-18 07:00:00.000000','2021-01-02 07:59:00.000000','2020-05-03 22:28:09.404734','2019-09-18 22:49:35.000000','https://www.shareasale.com/u.cfm?d=615883&m=21523&u=ACTID','https://www.360training.com/environmental-health-safety/osha-training/osha-10-30-hour-training','','','http://fmtc.co/35601022/5cf2b393a1a8ad0610a32571bd98c573','',0,0,0,0,0,5,0,615883,1,NULL),(16,19393117,'1-800-GOT-JUNK?',11127,11127,'CJ','active','Save $10 on Same Day Service.','','','','2016-08-23 07:00:00.000000','2026-01-01 07:59:00.000000','2020-05-03 22:25:14.165765','2016-08-24 02:31:29.000000','http://www.jdoqocy.com/click-ACTID-10880327','https://request.1800gotjunk.com/WEBCLIENT/Forms/wfBook10.aspx?e3trty6yh7=10offgj&c=us&r=na_en','','','http://fmtc.co/19393117/5cf2b393a1a8ad0610a32571bd98c573','<img src=\"//www.jdoqocy.com/image-ACTID-10880327\" width=\"1\" height=\"1\" border=\"0\" />',0,0,10,0,0,14.05,0,10880327,1,NULL),(17,19393119,'1-800-GOT-JUNK?',11127,11127,'CJ','active','24/7 Customer Service.','','','','2016-08-23 07:00:00.000000','2050-12-31 23:59:59.000000','2020-05-02 13:07:29.613910','2016-08-24 02:32:00.000000','http://www.jdoqocy.com/click-ACTID-10880327','https://request.1800gotjunk.com/WEBCLIENT/Forms/wfBook10.aspx?e3trty6yh7=10offgj&c=us&r=na_en','','','http://fmtc.co/19393119/5cf2b393a1a8ad0610a32571bd98c573','<img src=\"//www.jdoqocy.com/image-ACTID-10880327\" width=\"1\" height=\"1\" border=\"0\" />',0,0,0,0,0,7,0,10880327,0,NULL),(18,30595341,'1-800-GOT-JUNK?',11127,11127,'CJ','active','Spring Cleaning - Book Today and Save $10.','','','','2018-04-05 07:00:00.000000','2050-12-31 23:59:59.000000','2020-05-02 13:07:30.036981','2018-04-05 13:44:48.000000','http://www.jdoqocy.com/click-ACTID-13285160-1530645018000','https://request.1800gotjunk.com/us_en/onlinebooking/?e3trty6yh7=10offgj','','','http://fmtc.co/30595341/5cf2b393a1a8ad0610a32571bd98c573','<img src=\"//www.jdoqocy.com/image-ACTID-13285160-1530645018000\" width=\"1\" height=\"1\" border=\"0\" />',0,0,10,0,0,13.05,0,13285160,0,NULL),(19,32645191,'1800AnyLens',11731,11731,'LS','active','Free Shipping on Orders Over $50.','','','','2018-09-02 07:00:00.000000','2050-12-31 23:59:59.000000','2020-05-02 13:07:30.417204','2018-09-02 22:36:26.000000','http://click.linksynergy.com/fs-bin/click?id=ACTID&offerid=254262.10000052&type=3&subid=0','https://www.1800anylens.com/hosts/linkshare.aspx','','','http://fmtc.co/32645191/5cf2b393a1a8ad0610a32571bd98c573','',0,0,0,0,50,20.09,0,10000052,0,NULL),(20,14590906,'1-800-PetSupplies.com',12175,12175,'PJ','active','Over 50% off Pet Beds.','','','','2016-01-06 08:00:00.000000','2050-12-31 23:59:59.000000','2020-05-02 13:07:30.771764','2016-01-06 20:03:15.000000','https://www.pjtra.com/t/3-115291-ACTID-74956','http://pepperjamnetwork.com/tracking/error.php','','','http://fmtc.co/14590906/5cf2b393a1a8ad0610a32571bd98c573','',0,0,0,50,0,13.5,0,115291,0,NULL),(21,14623679,'1-800-PetSupplies.com',12175,12175,'PJ','active','Up to 20% off and Free Shipping on select Flea and Tick Solutions for Cats.','','','','2016-01-09 08:00:00.000000','2050-12-31 23:59:59.000000','2020-05-02 13:07:31.395121','2016-01-10 02:08:44.000000','https://www.pjtra.com/t/2-141612-ACTID-74956','http://pepperjamnetwork.com/tracking/error.php','','','http://fmtc.co/14623679/5cf2b393a1a8ad0610a32571bd98c573','',0,0,0,20,0,20.2,0,141612,0,NULL),(22,14623680,'1-800-PetSupplies.com',12175,12175,'PJ','active','Up to 20% off and Free Shipping on select Flea and Tick Solutions for Dogs.','','','','2016-01-09 08:00:00.000000','2050-12-31 23:59:59.000000','2020-05-02 13:07:31.951975','2016-01-10 02:09:36.000000','https://www.pjtra.com/t/2-141611-ACTID-74956','http://pepperjamnetwork.com/tracking/error.php','','','http://fmtc.co/14623680/5cf2b393a1a8ad0610a32571bd98c573','',0,0,0,20,0,20.2,0,141611,0,NULL),(23,35314190,'1-800-PetSupplies.com',12175,12175,'PJ','active','Warehouse Blowout - Super Low Prices on Pet items.','','','','2019-08-18 07:00:00.000000','2019-10-01 07:00:00.000000','2020-05-02 13:07:32.276228','2019-08-19 00:35:31.000000','https://www.pjtra.com/t/2-406166-ACTID-74956','https://www.petsupplies.com/Clearance/Search/?tracking=Dynamic','','','http://fmtc.co/35314190/5cf2b393a1a8ad0610a32571bd98c573','',0,0,0,0,0,13,0,406166,0,NULL),(24,35314191,'1-800-PetSupplies.com',12175,12175,'PJ','active','Up to 49% off Everything Ferret - Cages, Toys and More.','','','','2019-08-18 07:00:00.000000','2019-10-01 07:00:00.000000','2020-05-02 13:07:32.730661','2019-08-19 00:35:45.000000','https://www.pjtra.com/t/2-406165-ACTID-74956','https://www.petsupplies.com/search.aspx?path=cPETSUPPLIESp9131&page=1&hits=48&sort=bestselling&tracking=Dynamic','','','http://fmtc.co/35314191/5cf2b393a1a8ad0610a32571bd98c573','',0,0,0,49,0,13.49,0,406165,0,NULL),(25,35314192,'1-800-PetSupplies.com',12175,12175,'PJ','active','Save on Dog Collars and Leashes - Up to 61% off.','','','','2019-08-18 07:00:00.000000','2019-10-01 07:00:00.000000','2020-05-02 13:07:33.120679','2019-08-19 00:35:56.000000','https://www.pjtra.com/t/2-406164-ACTID-74956','https://www.petsupplies.com/dog-supplies/collars-leashes-and-harnesses/9112/?tracking=Dynamic','','','http://fmtc.co/35314192/5cf2b393a1a8ad0610a32571bd98c573','',0,0,0,61,0,13.61,0,406164,0,NULL),(26,35593981,'1-800-PetSupplies.com',12175,12175,'PJ','active','Shop Dog Halloween Goodies.','','','','2019-09-17 07:00:00.000000','2019-10-01 07:00:00.000000','2020-05-02 13:07:33.804320','2019-09-17 12:14:49.000000','https://www.pjtra.com/t/2-409044-ACTID-74956','https://www.petsupplies.com/holiday-store/halloween-store/9637/?tracking=Dynamic','','','http://fmtc.co/35593981/5cf2b393a1a8ad0610a32571bd98c573','',0,0,0,0,0,5,0,409044,0,NULL),(27,35593984,'1-800-PetSupplies.com',12175,12175,'PJ','active','Shop Dog Comfortable Beds.','','','','2019-09-17 07:00:00.000000','2019-10-01 07:00:00.000000','2020-05-02 13:07:34.166550','2019-09-17 12:15:20.000000','https://www.pjtra.com/t/2-409043-ACTID-74956','https://www.petsupplies.com/search.aspx?query=pet+beds&page=1&hits=48&sort=bestselling&intid=HPM119JUSEP08&tracking=Dynamic','','','http://fmtc.co/35593984/5cf2b393a1a8ad0610a32571bd98c573','',0,0,0,0,0,5,0,409043,0,NULL),(28,35593992,'1-800-PetSupplies.com',12175,12175,'PJ','active','Up to 68% off Dog Toys.','','','','2019-09-17 07:00:00.000000','2019-10-01 07:00:00.000000','2020-05-02 13:07:34.678910','2019-09-17 12:18:02.000000','https://www.pjtra.com/t/2-409042-ACTID-74956','https://www.petsupplies.com/dog-supplies/toys/9125/?tracking=Dynamic','','','http://fmtc.co/35593992/5cf2b393a1a8ad0610a32571bd98c573','',0,0,0,68,0,13.68,0,409042,0,NULL),(29,3402020,'1800FreshStart',14429,14429,'CJ','active','Car Loans for People with Bad Credit.','','','','2012-07-12 07:00:00.000000','2050-12-31 23:59:59.000000','2020-05-02 13:07:35.069892','2012-07-12 22:40:09.000000','http://www.anrdoezrs.net/click-ACTID-1206989','http://www.1800freshstart.com/?lnk=74248','','','http://fmtc.co/3402020/5cf2b393a1a8ad0610a32571bd98c573','<img src=\"//www.anrdoezrs.net/image-ACTID-1206989\" width=\"1\" height=\"1\" border=\"0\" />',0,0,0,0,0,7,0,0,0,NULL),(30,3402023,'1800FreshStart',14429,14429,'CJ','active','Free 90 Second Auto Loan Application.','','','','2012-07-12 07:00:00.000000','2050-12-31 23:59:59.000000','2020-05-02 13:07:35.514722','2012-07-12 22:42:03.000000','http://www.dpbolvw.net/click-ACTID-10356936','http://www.1800freshstart.com/?lnk=74248','','','http://fmtc.co/3402023/5cf2b393a1a8ad0610a32571bd98c573','<img src=\"//www.dpbolvw.net/image-ACTID-10356936\" width=\"1\" height=\"1\" border=\"0\" />',0,0,0,0,0,7,0,0,0,NULL),(31,19406396,'1800FreshStart',14429,14429,'CJ','active','100% Secure Online Loan Application.','','','','2016-08-24 07:00:00.000000','2050-12-31 23:59:59.000000','2020-05-02 13:07:36.024517','2016-08-24 13:29:19.000000','http://www.jdoqocy.com/click-ACTID-10362574?url=https%3A%2F%2Fwww.1800freshstart.com%2F%3Flnk%3D74248','https://www.1800freshstart.com/?lnk=74248','','','http://fmtc.co/19406396/5cf2b393a1a8ad0610a32571bd98c573','<img src=\"//www.jdoqocy.com/image-ACTID-10362574\" width=\"1\" height=\"1\" border=\"0\" />',0,0,0,0,0,7,0,10362574,0,NULL),(32,3419936,'3Gorillas.com',14609,14609,'SAS','active','Free Shipping on any order.','','','','2012-07-18 07:00:00.000000','2050-12-31 23:59:59.000000','2020-05-02 13:07:36.927178','2012-07-19 02:11:06.000000','http://www.shareasale.com/r.cfm?b=352700&u=ACTID&m=37340&urllink=','http://www.3gorillas.com','','','http://fmtc.co/3419936/5cf2b393a1a8ad0610a32571bd98c573','',0,0,0,0,0,21.01,0,0,0,NULL),(33,3419937,'3Gorillas.com',14609,14609,'SAS','active','Discount Jungle.','','','','2012-07-18 07:00:00.000000','2050-12-31 23:59:59.000000','2020-05-02 13:07:37.961235','2012-07-19 02:12:00.000000','http://www.shareasale.com/r.cfm?u=ACTID&b=352700&m=37340&urllink=www%2E3gorillas%2Ecom%2Fdiscount%2Djungle%2Ehtml','http://www.3gorillas.com/discount-jungle.html','','','http://fmtc.co/3419937/5cf2b393a1a8ad0610a32571bd98c573','',0,0,0,0,0,11,0,0,0,NULL),(34,18696548,'3Gorillas.com',14609,14609,'SAS','active','Up to 60% off Danby Dehumidifiers and Free Shipping.','','','','2016-07-21 07:00:00.000000','2050-12-31 23:59:59.000000','2020-05-02 13:07:38.419166','2016-07-22 00:13:04.000000','http://www.shareasale.com/r.cfm?b=353085&u=ACTID&m=37340&urllink=','http://www.3gorillas.com/catalogsearch/result/index/?manufacturer=46&price=2,100&q=danby+dehumidifier','','','http://fmtc.co/18696548/5cf2b393a1a8ad0610a32571bd98c573','',0,0,0,60,0,20.6,0,353085,0,NULL),(35,18697026,'3Gorillas.com',14609,14609,'SAS','active','Up to 33% off Heat Smart Infrared Heaters and Free Shipping.','','','','2016-07-21 07:00:00.000000','2050-12-31 23:59:59.000000','2020-05-02 13:07:38.920689','2016-07-22 00:40:00.000000','http://www.shareasale.com/r.cfm?b=352700&u=ACTID&m=37340&urllink=www.3gorillas.com%2Fhome-garden%2Fheaters.html','http://www.3gorillas.com/home-garden/heaters.html','','','http://fmtc.co/18697026/5cf2b393a1a8ad0610a32571bd98c573','',0,0,0,33,0,20.33,0,353086,0,NULL),(36,19308249,'3Gorillas.com',14609,14609,'SAS','active','Versonel Ice Makers Up to 50% off and Free Shipping.','','','','2016-08-19 07:00:00.000000','2050-12-31 23:59:59.000000','2020-05-02 13:07:39.298824','2016-08-19 21:46:19.000000','http://www.shareasale.com/r.cfm?b=353133&u=ACTID&m=37340&urllink=','http://www.3gorillas.com/major-appliances/ice-makers.html','','','http://fmtc.co/19308249/5cf2b393a1a8ad0610a32571bd98c573','',0,0,0,50,0,20.5,0,353133,0,NULL),(37,19324538,'3Gorillas.com',14609,14609,'SAS','active','Versonel Motion Recording Security Lighting Up to 40% off.','','','','2016-08-20 07:00:00.000000','2050-12-31 23:59:59.000000','2020-05-02 13:07:39.955456','2016-08-20 15:39:00.000000','http://www.shareasale.com/r.cfm?b=898463&u=ACTID&m=37340&urllink=','http://www.3gorillas.com/outdoor-living/home-security-lighting.html','','','http://fmtc.co/19324538/5cf2b393a1a8ad0610a32571bd98c573','',0,0,0,40,0,13.4,0,898463,0,NULL),(38,35582728,'3Gorillas.com',14609,14609,'SAS','active','48% off Whynter 40 Pint Dehumidifier with Auto Restart Was: $249.99 Now: $129.95 and Free Shipping.','','','','2019-09-16 07:00:00.000000','2019-10-17 06:59:00.000000','2020-05-02 13:07:41.477527','2019-09-16 14:35:08.000000','https://www.shareasale.com/u.cfm?d=615062&m=37340&u=ACTID','https://www.3gorillas.com/home-garden/dehumidifiers/whynter-rpd-302w-energy-star-portable-dehumidifier-30-pint.html','','','http://fmtc.co/35582728/5cf2b393a1a8ad0610a32571bd98c573','',129.95,249.99,120.04,48,0,20.48,0,615062,0,NULL),(39,35582731,'3Gorillas.com',14609,14609,'SAS','active','50% off Danby 50 Pint Dehumidifier with Auto Restart Was: $299.99 Now: $149.95 and Free Shipping.','','','','2019-09-16 07:00:00.000000','2019-10-17 06:59:00.000000','2020-05-02 13:07:42.160062','2019-09-16 14:36:49.000000','https://www.shareasale.com/u.cfm?d=615060&m=37340&u=ACTID','https://www.3gorillas.com/home-garden/dehumidifiers/danby-50-pint-auto-restart-direct-drain-dehumidifier-gdr50a2c.html','','','http://fmtc.co/35582731/5cf2b393a1a8ad0610a32571bd98c573','',149.95,299.99,150.04,50,0,20.5,0,615060,0,NULL),(40,35582736,'3Gorillas.com',14609,14609,'SAS','active','50% off AeonAir 70 Pint 3 Speed Dehumidifier with Auto Restart Was: $319.99 Now: $159.95 and Free Shipping.','','','','2019-09-16 07:00:00.000000','2019-10-17 06:59:00.000000','2020-05-02 13:07:42.873699','2019-09-16 14:38:52.000000','https://www.shareasale.com/u.cfm?d=615058&m=37340&u=ACTID','https://www.3gorillas.com/home-garden/dehumidifiers/aeonair-70-pint-dehumidifier-with-pump-rdh70edp-r.html','','','http://fmtc.co/35582736/5cf2b393a1a8ad0610a32571bd98c573','',159.95,319.99,160.04,50,0,20.5,0,615058,0,NULL),(41,35583398,'3Gorillas.com',14609,14609,'SAS','active','Up to 50% off Dehumidifiers and Free Shipping.','','','','2019-09-16 07:00:00.000000','2019-10-17 06:59:00.000000','2020-05-02 13:07:43.418641','2019-09-16 18:08:44.000000','https://www.shareasale.com/u.cfm?d=615063&m=37340&u=ACTID','https://www.3gorillas.com/home-garden/dehumidifiers.html','','','http://fmtc.co/35583398/5cf2b393a1a8ad0610a32571bd98c573','',0,0,0,50,0,20.5,0,615063,0,NULL),(42,16890341,'1 Stop Lighting',15522,15522,'SAS','active','Up to 60% off Lighting, Fans and Fixtures.','http://affiliate.2mdn.net/media/21000000000336967/0/88000000000218959.jpg','','','2016-12-15 08:00:00.000000','2050-12-31 23:59:59.000000','2020-05-02 13:07:43.972779','2016-04-23 01:14:11.000000','https://www.shareasale.com/u.cfm?d=84578&m=19856&u=ACTID','http://www.1stoplighting.com/On-Sale-Products/0-0-0-0-12/list.aspx?r=cart2','','','http://fmtc.co/16890341/5cf2b393a1a8ad0610a32571bd98c573','',0,0,0,60,0,13.6,0,84578,0,NULL),(43,22852296,'1 Stop Lighting',15522,15522,'SAS','active','Sign Up for Pro Member Benefits.','','','','2017-02-21 08:00:00.000000','2050-12-31 23:59:59.000000','2020-05-02 13:07:44.465191','2017-02-22 00:33:53.000000','https://www.shareasale.com/u.cfm?d=397447&m=19856&u=ACTID','http://www.1stoplighting.com/professionals.htm?kw=ppa_prombrshp','','','http://fmtc.co/22852296/5cf2b393a1a8ad0610a32571bd98c573','',0,0,0,0,0,7,0,397447,0,NULL),(44,29902575,'1 Stop Lighting',15522,15522,'SAS','active','20% off Kichler Lighting and Fans.','','','','2018-02-22 08:00:00.000000','2050-12-31 23:59:59.000000','2020-05-02 13:07:45.078726','2018-02-22 14:42:28.000000','https://www.shareasale.com/r.cfm?b=1138707&u=ACTID&m=19856&urllink=','http://\\/\\/www.1stoplighting.com\\/kichler-lighting.htm?kw=ppa_kichfam','','','http://fmtc.co/29902575/5cf2b393a1a8ad0610a32571bd98c573','',0,0,0,20,0,13.2,0,1138707,0,NULL),(45,35518305,'1 Stop Lighting',15522,15522,'SAS','active','15% off Dimond Lighting, Dimond Home, Sterling Industries, Guild Master and Pomeroy.','','','HEYFALL','2019-09-09 07:00:00.000000','2019-10-01 06:59:00.000000','2020-05-02 13:07:45.578767','2019-09-09 20:15:37.000000','https://www.shareasale.com/u.cfm?d=613761&m=19856&u=ACTID','https://www.1stoplighting.com/promo/coupons-and-promotions?brand=pomeroy+&kw=ppa_ELKFALL','','','http://fmtc.co/35518305/5cf2b393a1a8ad0610a32571bd98c573','',0,0,0,15,0,24.65,0,613761,0,NULL),(46,35518306,'1 Stop Lighting',15522,15522,'SAS','active','10% off Quoizel Lighting.','','','HEYFALL','2019-09-09 07:00:00.000000','2019-10-01 06:59:00.000000','2020-05-02 13:07:46.246520','2019-09-09 20:16:00.000000','https://www.shareasale.com/u.cfm?d=613752&m=19856&u=ACTID','https://www.1stoplighting.com/Quoizel-Lighting/0-0-0-71/list.aspx?kw=ppa_QUOIZELFALL','','','http://fmtc.co/35518306/5cf2b393a1a8ad0610a32571bd98c573','',0,0,0,10,0,24.6,0,613752,0,NULL),(47,35518322,'1 Stop Lighting',15522,15522,'SAS','active','15% off Savoy House.','','','WISH15','2019-09-09 07:00:00.000000','2019-10-01 06:59:00.000000','2020-05-02 13:07:47.047822','2019-09-09 20:25:23.000000','https://www.shareasale.com/u.cfm?d=613751&m=19856&u=ACTID','https://www.1stoplighting.com/Savoy-House/0-0-0-159/list.aspx?kw=ppa_WISH15','','','http://fmtc.co/35518322/5cf2b393a1a8ad0610a32571bd98c573','',0,0,0,15,0,24.65,0,613751,0,NULL),(48,3883093,'1-800-GOT-JUNK? Canada',15583,15583,'CJ','active','$10 off when you book online.','','','','2013-01-11 08:00:00.000000','2050-12-31 23:59:59.000000','2020-05-02 13:07:47.303373','2013-01-11 18:28:30.000000','http://www.kqzyfj.com/click-ACTID-10912917','https://request.1800gotjunk.com/WEBCLIENT/Forms/wfBook10.aspx?e3trty6yh7=10offgj&c=ca&r=na_en','','','http://fmtc.co/3883093/5cf2b393a1a8ad0610a32571bd98c573','<img src=\"//www.kqzyfj.com/image-ACTID-10912917\" width=\"1\" height=\"1\" border=\"0\" />',0,0,10,0,0,7.05,0,0,0,NULL),(49,19393121,'1-800-GOT-JUNK? Canada',15583,15583,'CJ','active','Save $10 on same day service.','','','','2016-08-23 07:00:00.000000','2050-12-31 23:59:59.000000','2020-05-02 13:07:47.791054','2016-08-24 02:33:31.000000','http://www.tkqlhce.com/click-ACTID-10912920','https://request.1800gotjunk.com/WEBCLIENT/Forms/wfBook10.aspx?e3trty6yh7=10offgj&c=ca&r=na_en','','','http://fmtc.co/19393121/5cf2b393a1a8ad0610a32571bd98c573','<img src=\"//www.tkqlhce.com/image-ACTID-10912920\" width=\"1\" height=\"1\" border=\"0\" />',0,0,10,0,0,14.05,0,10912920,0,NULL),(50,19393122,'1-800-GOT-JUNK? Canada',15583,15583,'CJ','active','24/7 Customer Service.','','','','2016-08-23 07:00:00.000000','2050-12-31 23:59:59.000000','2020-05-02 13:07:48.024971','2016-08-24 02:33:56.000000','http://www.tkqlhce.com/click-ACTID-10912920','https://request.1800gotjunk.com/WEBCLIENT/Forms/wfBook10.aspx?e3trty6yh7=10offgj&c=ca&r=na_en','','','http://fmtc.co/19393122/5cf2b393a1a8ad0610a32571bd98c573','<img src=\"//www.tkqlhce.com/image-ACTID-10912920\" width=\"1\" height=\"1\" border=\"0\" />',0,0,0,0,0,7,0,10912920,0,NULL),(51,34421941,'3D Laser Gifts',17293,17293,'SAS','active','35% off Orders.','','','FRIEND35','2019-06-11 07:00:00.000000','2050-12-31 23:59:59.000000','2020-05-02 13:07:48.474173','2019-06-11 21:27:59.000000','https://www.shareasale.com/u.cfm?d=596353&m=29050&u=ACTID','https://www.3dlasergifts.com/','','','http://fmtc.co/34421941/5cf2b393a1a8ad0610a32571bd98c573','',0,0,0,35,0,24.95,0,596353,0,NULL),(52,5858330,'24-7 Press Release',18278,18278,'CJ','active','Distribution Plans.','','','','2014-04-14 07:00:00.000000','2050-12-31 23:59:59.000000','2020-05-02 13:07:48.896300','2014-04-14 14:21:38.000000','http://www.jdoqocy.com/click-ACTID-10754735?url=http%3A%2F%2Fwww.24-7pressrelease.com%2Fpricing_plans.php','http://www.24-7pressrelease.com/price_plan_imp.php','','','http://fmtc.co/5858330/5cf2b393a1a8ad0610a32571bd98c573','<img src=\"//www.jdoqocy.com/image-ACTID-10754735\" width=\"1\" height=\"1\" border=\"0\" />',0,0,0,0,0,5.01,0,0,0,NULL),(53,7175107,'13 Deals',21009,21009,'SAS','active','As Seen On TV.','','','','2014-08-27 07:00:00.000000','2050-12-31 23:59:59.000000','2020-05-02 13:07:49.916404','2014-08-27 15:52:13.000000','http://www.shareasale.com/r.cfm?b=274949&u=ACTID&m=30503&urllink=www.13deals.com%2Fstore%2Fcategory.php%3Fcategory_id%3D124','http://www.13deals.com/store/category.php?category_id=124','','','http://fmtc.co/7175107/5cf2b393a1a8ad0610a32571bd98c573','',0,0,0,0,0,5.01,0,0,0,NULL),(54,9808896,'13 Deals',21009,21009,'SAS','active','Kool Aid Man&apos;s Grand Entrance Wall Cling Was: $75 Now: $29.99 and Free Shipping.','https://www.13deals.com/images/products/KoolAidManCling_001.jpg','','','2015-04-08 07:00:00.000000','2050-12-31 23:59:59.000000','2020-05-02 13:07:50.155042','2015-04-09 02:56:59.000000','https://www.shareasale.com/u.cfm?d=262512&m=30503&u=ACTID','http://13deals.com/store/item.php?id=41123','','','http://fmtc.co/9808896/5cf2b393a1a8ad0610a32571bd98c573','',29.99,75,45.01,60,0,20.6,0,262512,0,NULL),(55,12189358,'13 Deals',21009,21009,'SAS','active','Foster Grant Light Specs Reading Glasses Now: $9.99.','','','','2015-07-24 07:00:00.000000','2050-12-31 23:59:59.000000','2020-05-02 13:07:50.594372','2015-07-24 13:44:36.000000','https://www.shareasale.com/u.cfm?d=291129&m=30503&u=ACTID','http://www.13deals.com/store/item.php?id=36568','','','http://fmtc.co/12189358/5cf2b393a1a8ad0610a32571bd98c573','',9.99,0,0,0,0,13.01,0,291129,0,NULL),(56,13152237,'13 Deals',21009,21009,'SAS','active','Vintage Scary Movie Posters Was: $24.99 Now: $9.99 and Free Shipping.','','','','2015-09-15 07:00:00.000000','2050-12-31 23:59:59.000000','2020-05-02 13:07:51.616374','2015-09-15 17:03:24.000000','http://www.shareasale.com/u.cfm?d=300367&m=30503&u=ACTID','http://www.13deals.com/store/products/42122-vintage-scary-movie-posters-3-to-choose-from-available-as-poster-or-canvas-ships-free','','','http://fmtc.co/13152237/5cf2b393a1a8ad0610a32571bd98c573','',9.99,24.99,15,60,0,20.6,0,300367,0,NULL),(57,13235771,'13 Deals',21009,21009,'SAS','active','Arctic Star Backpacks Was: $29.99 Now: $5.99 and Free Shipping.','https://www.13deals.com/images/products/arcticstar-backpacks-main.jpg','','','2015-09-22 07:00:00.000000','2050-12-31 23:59:59.000000','2020-05-02 13:07:53.098461','2015-09-22 15:52:51.000000','http://www.shareasale.com/u.cfm?d=301706&m=30503&u=ACTID','http://www.13deals.com/store/products/39233-arctic-star-backpacks-8-fun-styles-ships-free','','','http://fmtc.co/13235771/5cf2b393a1a8ad0610a32571bd98c573','',5.99,29.99,24,80,0,20.8,0,301706,0,NULL),(58,13249677,'13 Deals',21009,21009,'SAS','active','Doctor Who Inspired Tardis Necklace Was: $22 Now: $3 and Free Shipping.','https://www.13deals.com/images/products/tardisnecklace_005.jpg','','','2015-09-23 07:00:00.000000','2050-12-31 23:59:59.000000','2020-05-02 13:07:53.710257','2015-09-23 17:16:13.000000','https://www.shareasale.com/u.cfm?d=301976&m=30503&u=ACTID','http://www.13deals.com/store/products/36795-doctor-who-inspired-tardis-necklace-ships-free','','','http://fmtc.co/13249677/5cf2b393a1a8ad0610a32571bd98c573','',3,22,19,86,0,20.86,0,301976,0,NULL),(59,13249680,'13 Deals',21009,21009,'SAS','active','Harry Potter Owl/Deathly Hallows/Golden Snitch Leather Braided Bangle Wrap Bracelet Was: $14.99 Now: $5.99 and Free Shipping.','https://www.13deals.com/images/products/hpbraidbracelet_001.jpg','','','2015-09-23 07:00:00.000000','2050-12-31 23:59:59.000000','2020-05-02 13:07:54.278993','2015-09-23 17:17:19.000000','https://www.shareasale.com/u.cfm?d=301975&m=30503&u=ACTID','http://www.13deals.com/store/products/40958-harry-potter-owl-deathly-hallows-golden-snitch-leather-braided-bangle-wrap-bracelet-ships-free','','','http://fmtc.co/13249680/5cf2b393a1a8ad0610a32571bd98c573','',5.99,14.99,9,60,0,20.6,0,301975,0,NULL),(60,13275311,'13 Deals',21009,21009,'SAS','active','Pillow Pets Glow Pets Was: $27.99 Now: $12.99 and Free Shipping.','https://www.13deals.com/images/products/glowpets_001.jpg','','','2015-09-25 07:00:00.000000','2050-12-31 23:59:59.000000','2020-05-02 13:07:54.690651','2015-09-25 17:56:32.000000','https://www.shareasale.com/u.cfm?d=302414&m=30503&u=ACTID','http://www.13deals.com/store/products/42195-pillow-pets-glow-pets-it-s-a-pet-it-s-a-pillow-it-glows-ships-free','','','http://fmtc.co/13275311/5cf2b393a1a8ad0610a32571bd98c573','',12.99,27.99,15,53,0,20.53,0,302414,0,NULL),(61,13330293,'13 Deals',21009,21009,'SAS','active','2 Pack Of Duck Brand Designer Duct Tape Was: $14 Now: $2.99.','https://www.13deals.com/images/products/ducerdxdds4.jpg','','','2015-09-30 07:00:00.000000','2050-12-31 23:59:59.000000','2020-05-02 13:07:55.383669','2015-09-30 16:43:31.000000','https://www.shareasale.com/u.cfm?d=303086&m=30503&u=ACTID','http://www.13deals.com/store/products/42223-2-pack-of-duck-brand-designer-duct-tape-pick-your-favorite-designs-unlimited-99-cent-shipping-so-load-up','','','http://fmtc.co/13330293/5cf2b393a1a8ad0610a32571bd98c573','',2.99,14,11.01,78,0,12.78,0,303086,0,NULL),(62,14549768,'13 Deals',21009,21009,'SAS','active','Redrum The Shining Inspired Repositionable Wall Cling Was: $29.99 Now: $14.99 and Free Shipping.','https://www.13deals.com/images/products/redrum_001.jpg','','','2016-01-02 08:00:00.000000','2050-12-31 23:59:59.000000','2020-05-02 13:07:56.153066','2016-01-02 19:24:04.000000','https://www.shareasale.com/u.cfm?d=300372&m=30503&u=ACTID','http://www.13deals.com/store/products/42127-redrum-the-shining-inspired-repositionable-wall-cling-use-year-after-year-ships-free','','','http://fmtc.co/14549768/5cf2b393a1a8ad0610a32571bd98c573','',14.99,29.99,15,50,0,20.5,0,300372,0,NULL),(63,33935757,'1800Mattress',21079,9569,'CJ','active','Free Delivery and Removal.','','','','2019-04-16 07:00:00.000000','2050-12-31 23:59:59.000000','2020-05-02 13:07:57.258768','2019-04-17 03:07:08.000000','http://www.dpbolvw.net/click-ACTID-13672489?url=https%3A%2F%2Fwww.1800mattress.com%2F','https://www.1800mattress.com/','','','http://fmtc.co/33935757/5cf2b393a1a8ad0610a32571bd98c573','<img src=\"//www.dpbolvw.net/image-ACTID-13672489\" width=\"1\" height=\"1\" border=\"0\" />',0,0,0,0,0,20,0,13672489,0,NULL),(64,33937128,'1800Mattress',21079,9569,'CJ','active','Shop Beds and Furniture.','','','','2019-04-17 07:00:00.000000','2050-12-31 23:59:59.000000','2020-05-02 13:07:57.827353','2019-04-17 10:34:37.000000','http://www.jdoqocy.com/click-ACTID-13607071-1554914456000','https://www.1800mattress.com/beds-and-furniture/','','','http://fmtc.co/33937128/5cf2b393a1a8ad0610a32571bd98c573','<img src=\"//www.jdoqocy.com/image-ACTID-13607071-1554914456000\" width=\"1\" height=\"1\" border=\"0\" />',0,0,0,0,0,5,0,13607071,0,NULL),(65,33937129,'1800Mattress',21079,9569,'CJ','active','Shop Mattresses.','','','','2019-04-17 07:00:00.000000','2050-12-31 23:59:59.000000','2020-05-02 13:07:58.428179','2019-04-17 10:34:59.000000','http://www.jdoqocy.com/click-ACTID-13607053-1554914456000','https://www.1800mattress.com/mattresses/','','','http://fmtc.co/33937129/5cf2b393a1a8ad0610a32571bd98c573','<img src=\"//www.jdoqocy.com/image-ACTID-13607053-1554914456000\" width=\"1\" height=\"1\" border=\"0\" />',0,0,0,0,0,5,0,13607053,0,NULL),(66,33937130,'1800Mattress',21079,9569,'CJ','active','Shop Mattress Accessories.','','','','2019-04-17 07:00:00.000000','2050-12-31 23:59:59.000000','2020-05-02 13:07:58.973660','2019-04-17 10:35:23.000000','http://www.jdoqocy.com/click-ACTID-13607075-1554914456000','https://www.1800mattress.com/bed-and-mattress-accessories/','','','http://fmtc.co/33937130/5cf2b393a1a8ad0610a32571bd98c573','<img src=\"//www.jdoqocy.com/image-ACTID-13607075-1554914456000\" width=\"1\" height=\"1\" border=\"0\" />',0,0,0,0,0,5,0,13607075,0,NULL),(67,33937133,'1800Mattress',21079,9569,'CJ','active','Hot Deals on Mattresses.','','','','2019-04-17 07:00:00.000000','2050-12-31 23:59:59.000000','2020-05-02 13:07:59.587223','2019-04-17 10:35:40.000000','http://www.jdoqocy.com/click-ACTID-13607069-1554914456000','https://www.1800mattress.com/mattress-sale/','','','http://fmtc.co/33937133/5cf2b393a1a8ad0610a32571bd98c573','<img src=\"//www.jdoqocy.com/image-ACTID-13607069-1554914456000\" width=\"1\" height=\"1\" border=\"0\" />',0,0,0,0,0,13,0,13607069,0,NULL),(68,33937422,'1800Mattress',21079,9569,'CJ','active','Save on Top Brand Mattresses.','','','','2019-04-17 07:00:00.000000','2050-12-31 23:59:59.000000','2020-05-02 13:08:00.254960','2019-04-17 11:22:16.000000','http://www.jdoqocy.com/click-ACTID-13576671-1554914456000','https://www.1800mattress.com/','','','http://fmtc.co/33937422/5cf2b393a1a8ad0610a32571bd98c573','<img src=\"//www.jdoqocy.com/image-ACTID-13576671-1554914456000\" width=\"1\" height=\"1\" border=\"0\" />',0,0,0,0,0,13,0,13576671,0,NULL),(69,28764832,'2game.com',21611,21611,'CJ','active','Hot Deals.','','','','2017-12-15 08:00:00.000000','2050-12-31 23:59:59.000000','2020-05-02 13:08:01.334235','2017-12-15 14:53:02.000000','http://www.jdoqocy.com/click-ACTID-13160994-1512037166000','https://2game.com/hot-deals','','','http://fmtc.co/28764832/5cf2b393a1a8ad0610a32571bd98c573','<img src=\"//www.jdoqocy.com/image-ACTID-13160994-1512037166000\" width=\"1\" height=\"1\" border=\"0\" />',0,0,0,0,0,13,0,13160994,0,NULL),(70,28764833,'2game.com',21611,21611,'CJ','active','Save on Bundle Games.','','','','2017-12-15 08:00:00.000000','2050-12-31 23:59:59.000000','2020-05-02 13:08:02.201824','2017-12-15 14:53:34.000000','http://www.jdoqocy.com/click-ACTID-13160995-1512037166000','https://2game.com/eu/hot-deals','','','http://fmtc.co/28764833/5cf2b393a1a8ad0610a32571bd98c573','<img src=\"//www.jdoqocy.com/image-ACTID-13160995-1512037166000\" width=\"1\" height=\"1\" border=\"0\" />',0,0,0,0,0,13,0,13160995,0,NULL),(71,29759473,'2game.com',21611,21611,'CJ','active','Save An Extra 10% off All Games.','','','HAPPY2GAME','2019-09-19 12:54:00.000000','2019-12-31 21:59:00.000000','2020-05-02 13:08:02.899626','2018-02-13 02:47:19.000000','http://www.jdoqocy.com/click-ACTID-13164548-1518019897000','https://2game.com/','','','http://fmtc.co/29759473/5cf2b393a1a8ad0610a32571bd98c573','<img src=\"//www.jdoqocy.com/image-ACTID-13164548-1518019897000\" width=\"1\" height=\"1\" border=\"0\" />',0,0,0,10,0,24.6,0,13164548,0,NULL),(72,34439845,'2game.com',21611,21611,'CJ','active','US - Save An Extra 10% Sitewide.','','','HARDCORE2GAME','2019-09-19 12:58:00.000000','2019-12-31 21:59:00.000000','2020-05-02 13:08:03.338264','2019-06-13 17:39:09.000000','http://www.jdoqocy.com/click-ACTID-13747946-1560342330000','https://2game.com/us/','','','http://fmtc.co/34439845/5cf2b393a1a8ad0610a32571bd98c573','<img src=\"//www.jdoqocy.com/image-ACTID-13747946-1560342330000\" width=\"1\" height=\"1\" border=\"0\" />',0,0,0,10,0,24.6,0,13747946,0,NULL),(73,34441033,'2game.com',21611,21611,'CJ','active','Up to 75% off Hot Deals.','','','','2019-06-13 07:00:00.000000','2050-12-31 23:59:59.000000','2020-05-02 13:08:04.138671','2019-06-13 23:16:15.000000','http://www.jdoqocy.com/click-ACTID-13747931-1560340771000','https://2game.com/us/hot-deals','','','http://fmtc.co/34441033/5cf2b393a1a8ad0610a32571bd98c573','<img src=\"//www.jdoqocy.com/image-ACTID-13747931-1560340771000\" width=\"1\" height=\"1\" border=\"0\" />',0,0,0,75,0,13.75,0,13747931,0,NULL),(74,19406344,'123spareparts',23242,23242,'AW','active','Brake Disks From &amp;pound;8.47.','','','','2016-08-24 07:00:00.000000','2050-12-31 23:59:59.000000','2020-05-02 13:08:04.561538','2016-08-24 12:56:28.000000','http://www.awin1.com/cread.php?v=4119&t=ACTID&p=https%3A%2F%2Fwww.123spareparts.co.uk%2Fcar-parts%2FBrake-Disc%2Fc-TecDoc-100032%3FpageSize%3D20%26sort%3Dprice-asc%26q%3D%3Arelevance','https://www.123spareparts.co.uk/car-parts/Brake-Disc/c-TecDoc-100032?pageSize=20&sort=price-asc&q=:relevance','','','http://fmtc.co/19406344/5cf2b393a1a8ad0610a32571bd98c573','',0,0,0,0,0,5,0,0,0,NULL),(75,19406347,'123spareparts',23242,23242,'AW','active','Headlights from &amp;pound;14.80.','','','','2016-08-24 07:00:00.000000','2050-12-31 23:59:59.000000','2020-05-02 13:08:05.117652','2016-08-24 12:59:56.000000','http://www.awin1.com/cread.php?v=4119&t=ACTID&p=https%3A%2F%2Fwww.123spareparts.co.uk%2Fcar-parts%2FHeadlight-Insert%2Fc-TecDoc-100433%3Fsort%3Dprice-asc','https://www.123spareparts.co.uk/car-parts/Headlight-Insert/c-TecDoc-100433?sort=price-asc','','','http://fmtc.co/19406347/5cf2b393a1a8ad0610a32571bd98c573','',0,0,0,0,0,5,0,0,0,NULL),(76,19406348,'123spareparts',23242,23242,'AW','active','Wheel and Tyre Packages and Rims.','','','','2016-08-24 07:00:00.000000','2050-12-31 23:59:59.000000','2020-05-02 13:08:05.418417','2016-08-24 13:03:26.000000','http://www.awin1.com/cread.php?v=4119&t=ACTID&p=http%3A%2F%2Fwww2.123spareparts.co.uk%2FComplete_wheels.html%3Fwt_eid%3D2147204325500546714%26wt_t%3D1472043724475','http://www2.123spareparts.co.uk/Complete_wheels.html?wt_eid=2147204325500546714&wt_t=1472043724475','','','http://fmtc.co/19406348/5cf2b393a1a8ad0610a32571bd98c573','',0,0,0,0,0,5,0,0,0,NULL),(77,19521787,'3V Gear',24109,24120,'AL','active','Free Shipping on Orders $75+.','','','','2016-08-29 07:00:00.000000','2050-12-31 23:59:59.000000','2020-05-02 13:08:05.708257','2016-08-29 14:31:31.000000','http://www.avantlink.com/click.php?tt=ml&ti=442950&pw=ACTID','http://3vgear.com/','','','http://fmtc.co/19521787/5cf2b393a1a8ad0610a32571bd98c573','',0,0,0,0,75,20.085,0,442950,0,NULL),(78,12990414,'1st in Coffee',25109,21850,'SAS','active','Coffee Accessories.','','','','2015-09-01 07:00:00.000000','2050-12-31 23:59:59.000000','2020-05-02 13:08:06.564681','2015-09-01 18:57:59.000000','http://www.shareasale.com/r.cfm?b=767063&u=ACTID&m=60881&urllink=','http://www.1stincoffee.com/accessories.html?promo=head_cat','','','http://fmtc.co/12990414/5cf2b393a1a8ad0610a32571bd98c573','',0,0,0,0,0,5.01,0,767063,0,NULL),(79,12990415,'1st in Coffee',25109,21850,'SAS','active','Variety of Coffees.','','','','2015-09-01 07:00:00.000000','2050-12-31 23:59:59.000000','2020-05-02 13:08:06.878029','2015-09-01 18:58:40.000000','http://www.shareasale.com/r.cfm?b=767062&u=ACTID&m=60881&urllink=','http://www.1stincoffee.com/coffee.html?promo=head_cat','','','http://fmtc.co/12990415/5cf2b393a1a8ad0610a32571bd98c573','',0,0,0,0,0,5.01,0,767062,0,NULL),(80,12990416,'1st in Coffee',25109,21850,'SAS','active','Coffee Grinders.','','','','2015-09-01 07:00:00.000000','2050-12-31 23:59:59.000000','2020-05-02 13:08:07.367283','2015-09-01 18:59:03.000000','http://www.shareasale.com/r.cfm?b=767061&u=ACTID&m=60881&urllink=','http://www.1stincoffee.com/coffee-grinders.html?promo=head_cat','','','http://fmtc.co/12990416/5cf2b393a1a8ad0610a32571bd98c573','',0,0,0,0,0,5.01,0,767061,0,NULL),(81,12990419,'1st in Coffee',25109,21850,'SAS','active','Coffee Makers.','','','','2015-09-01 07:00:00.000000','2050-12-31 23:59:59.000000','2020-05-02 13:08:07.812718','2015-09-01 19:00:09.000000','http://www.shareasale.com/r.cfm?b=767060&u=ACTID&m=60881&urllink=','http://www.1stincoffee.com/coffee-makers.html?promo=head_cat','','','http://fmtc.co/12990419/5cf2b393a1a8ad0610a32571bd98c573','',0,0,0,0,0,5.01,0,767060,0,NULL),(82,12990432,'1st in Coffee',25109,21850,'SAS','active','Espresso Machines.','','','','2015-09-01 07:00:00.000000','2050-12-31 23:59:59.000000','2020-05-02 13:08:08.224002','2015-09-01 19:02:08.000000','http://www.shareasale.com/r.cfm?b=767059&u=ACTID&m=60881&urllink=','http://www.1stincoffee.comhttp://www.1stincoffee.com/espresso-machines.html','','','http://fmtc.co/12990432/5cf2b393a1a8ad0610a32571bd98c573','',0,0,0,0,0,5.01,0,767059,0,NULL),(83,28471141,'1st in Coffee',25109,21850,'SAS','active','Refurbished Jura Automatic Coffee Centers on Sale.','','','','2017-11-29 08:00:00.000000','2050-12-31 23:59:59.000000','2020-05-02 13:08:08.569450','2017-11-29 22:49:10.000000','https://www.shareasale.com/r.cfm?b=977392&u=ACTID&m=60881&urllink=','http://\\/\\/www.1stincoffee.com\\/refurbished.html?sscid=11k3_a5yi7+','','','http://fmtc.co/28471141/5cf2b393a1a8ad0610a32571bd98c573','',0,0,0,0,0,13,0,977392,0,NULL),(84,33202127,'1st in Coffee',25109,21850,'SAS','active','Shop Coffee Gifts Under $100.','','','','2018-11-06 08:00:00.000000','2050-12-31 23:59:59.000000','2020-05-02 13:08:09.615815','2018-11-07 02:34:06.000000','https://www.shareasale.com/r.cfm?b=1270971&u=ACTID&m=60881&urllink=','https://www.1stincoffee.com/specials/gifts.html','','','http://fmtc.co/33202127/5cf2b393a1a8ad0610a32571bd98c573','',100,0,0,0,0,5,0,1270971,0,NULL),(85,33202130,'1st in Coffee',25109,21850,'SAS','active','Shop Ice Cream Makers.','','','','2018-11-06 08:00:00.000000','2050-12-31 23:59:59.000000','2020-05-02 13:08:10.295594','2018-11-07 02:34:21.000000','https://www.shareasale.com/r.cfm?b=1270972&u=ACTID&m=60881&urllink=','https://www.1stincoffee.com/ice-cream-makers.html','','','http://fmtc.co/33202130/5cf2b393a1a8ad0610a32571bd98c573','',0,0,0,0,0,5,0,1270972,0,NULL),(86,33959146,'1st in Coffee',25109,21850,'SAS','active','Probably the Best Coffee 12 oz. Whole Bean Was: $12.99 Now: $9.99.','','','','2019-04-24 07:00:00.000000','2050-12-31 23:59:59.000000','2020-05-02 13:08:10.952351','2019-04-25 03:02:44.000000','https://www.shareasale.com/r.cfm?b=1356395&u=ACTID&m=60881&urllink=','https://www.1stincoffee.com/probably-the-best-coffee.htm','','','http://fmtc.co/33959146/5cf2b393a1a8ad0610a32571bd98c573','',9.99,12.99,3,23,0,12.23,0,1356395,0,NULL),(87,13142486,'123 Ink Cartridges',25273,25154,'AFU','active','Free UK Delivery on any order.','','','','2015-09-14 07:00:00.000000','2050-12-31 23:59:59.000000','2020-05-02 13:08:12.197673','2015-09-14 21:16:25.000000','http://scripts.affiliatefuture.com/AFClick.asp?affiliateID=ACTID&merchantID=1975&programmeID=5334&mediaID=0&tracking=&url=','http://www.123inkcartridges.co.uk/','','','http://fmtc.co/13142486/5cf2b393a1a8ad0610a32571bd98c573','',0,0,0,0,0,21.01,0,0,0,NULL),(88,19393551,'123 Ink Cartridges',25273,25154,'AFU','active','10% off Future orders.','','','','2016-08-23 07:00:00.000000','2050-12-31 23:59:59.000000','2020-05-02 13:08:12.943264','2016-08-24 03:34:49.000000','http://scripts.affiliatefuture.com/AFClick.asp?affiliateID=ACTID&merchantID=1975&programmeID=5334&mediaID=0&tracking=&url=','http://www.123inkcartridges.co.uk/','','','http://fmtc.co/19393551/5cf2b393a1a8ad0610a32571bd98c573','',0,0,0,10,0,14.1,0,0,0,NULL),(89,19393580,'123 Ink Cartridges',25273,25154,'AFU','active','Same Day Dispatch.','','','','2016-08-23 07:00:00.000000','2050-12-31 23:59:59.000000','2020-05-02 13:08:13.577348','2016-08-24 03:35:43.000000','http://scripts.affiliatefuture.com/AFClick.asp?affiliateID=ACTID&merchantID=1975&programmeID=5334&mediaID=0&tracking=&url=','http://www.123inkcartridges.co.uk/','','','http://fmtc.co/19393580/5cf2b393a1a8ad0610a32571bd98c573','',0,0,0,0,0,7,0,0,0,NULL),(90,15375225,'100 Percent Pure',26669,15573,'SAS','active','Free Shipping on any order.','','','','2016-02-22 08:00:00.000000','2050-12-31 23:59:59.000000','2020-05-02 13:08:14.135141','2016-02-22 18:16:11.000000','https://www.shareasale.com/u.cfm?d=323540&m=61852&u=ACTID','http://www.100percentpure.com','','','http://fmtc.co/15375225/5cf2b393a1a8ad0610a32571bd98c573','',0,0,0,0,0,21,0,323540,0,NULL),(91,35518455,'100 Percent Pure',26669,15573,'SAS','active','Buy 1 Get 1 Free Coffee Bean Caffeine Eye Cream.','','','COFFEEDAY','2019-09-28 07:00:00.000000','2019-09-30 06:59:00.000000','2020-05-02 13:08:14.866617','2019-09-09 21:14:06.000000','https://www.shareasale.com/u.cfm?d=613686&m=61852&u=ACTID','https://www.100percentpure.com/collections/eye-care/products/coffee-bean-caffeine-eye-cream','','','http://fmtc.co/35518455/5cf2b393a1a8ad0610a32571bd98c573','',0,0,0,0,0,16.5,0,613686,0,NULL),(92,35614145,'100 Percent Pure',26669,15573,'SAS','active','Shop New Powder Masks and Cleansers.','','','','2019-09-19 07:00:00.000000','2019-11-01 06:59:00.000000','2020-05-02 13:08:15.225613','2019-09-20 03:44:10.000000','https://www.shareasale.com/u.cfm?d=616115&m=61852&u=ACTID','https://www.100percentpure.com/collections/new','','','http://fmtc.co/35614145/5cf2b393a1a8ad0610a32571bd98c573','',0,0,0,0,0,5,0,616115,0,NULL),(93,19406383,'180 Nutrition',27003,26442,'AL','active','Nourishing Real Food Recipes.','','','','2016-08-24 07:00:00.000000','2050-12-31 23:59:59.000000','2020-05-02 13:08:16.015508','2016-08-24 13:19:15.000000','http://www.avantlink.com/click.php?tt=ml&ti=522393&pw=ACTID&url=http%3A%2F%2F180nutrition.com.au%2Frecipes%2F','http://180nutrition.com.au/recipes/','','','http://fmtc.co/19406383/5cf2b393a1a8ad0610a32571bd98c573','',0,0,0,0,0,7,0,522393,0,NULL),(94,19406386,'180 Nutrition',27003,26442,'AL','active','Instant Access - Turn Around Health Pack.','','','','2016-08-24 07:00:00.000000','2050-12-31 23:59:59.000000','2020-05-02 13:08:16.928227','2016-08-24 13:23:00.000000','http://www.avantlink.com/click.php?tt=ml&ti=522393&pw=ACTID&url=http%3A%2F%2F180nutrition.com.au%2Fgrab-free-turnaround-health-pack%2F','http://180nutrition.com.au/grab-free-turnaround-health-pack/','','','http://fmtc.co/19406386/5cf2b393a1a8ad0610a32571bd98c573','',0,0,0,0,0,5,0,522393,0,NULL),(95,17566144,'27Dress',27186,26566,'WG','active','Wedding Dresses.','','','','2016-05-31 07:00:00.000000','2050-12-31 23:59:59.000000','2020-05-02 13:08:17.931223','2016-06-01 03:43:36.000000','http://track.webgains.com/click.html?wglinkid=615839&wgcampaignid=ACTID&wgtarget=http%3A%2F%2Fwww.27dress.com%2Fc%2Fwedding-dresses-16.html','http://www.27dress.com/c/wedding-dresses-16.html','','','http://fmtc.co/17566144/5cf2b393a1a8ad0610a32571bd98c573','',0,0,0,0,0,5,0,0,0,NULL),(96,17566145,'27Dress',27186,26566,'WG','active','Wedding Party Dresses.','','','','2016-05-31 07:00:00.000000','2050-12-31 23:59:59.000000','2020-05-02 13:08:19.058601','2016-06-01 03:44:25.000000','http://track.webgains.com/click.html?wglinkid=615839&wgcampaignid=ACTID&wgtarget=http%3A%2F%2Fwww.27dress.com%2Fc%2Fwedding-party-dresses-23.html','http://www.27dress.com/c/wedding-party-dresses-23.html','','','http://fmtc.co/17566145/5cf2b393a1a8ad0610a32571bd98c573','',0,0,0,0,0,5,0,0,0,NULL),(97,17566148,'27Dress',27186,26566,'WG','active','Accessories.','','','','2016-05-31 07:00:00.000000','2050-12-31 23:59:59.000000','2020-05-02 13:08:19.923577','2016-06-01 03:45:24.000000','http://track.webgains.com/click.html?wglinkid=615839&wgcampaignid=ACTID&wgtarget=http%3A%2F%2Fwww.27dress.com%2Fc%2Faccessories-44.html','http://www.27dress.com/c/accessories-44.html','','','http://fmtc.co/17566148/5cf2b393a1a8ad0610a32571bd98c573','',0,0,0,0,0,5,0,0,0,NULL),(98,33993697,'27Dress',27186,26566,'WG','active','$20 off 2019 Latest Wedding Dresses Over $259.','','','WED20','2019-05-07 07:00:00.000000','2020-05-01 22:59:00.000000','2020-05-02 13:08:20.990935','2019-05-07 08:31:01.000000','http://track.webgains.com/click.html?wgcampaignid=ACTID&wgprogramid=11531&wgtarget=https%3A%2F%2Fwww.27dress.com%2Fc%2Fnew-wedding-dresses-77.html','https://www.27dress.com/c/new-wedding-dresses-77.html','','','http://fmtc.co/33993697/5cf2b393a1a8ad0610a32571bd98c573','',0,0,20,0,0,23.6,0,2756104,0,NULL),(99,33993698,'27Dress',27186,26566,'WG','active','$30 off 2019 Latest Wedding Dresses Over $439.','','','WED30','2019-05-07 07:00:00.000000','2020-05-01 22:59:00.000000','2020-05-02 13:08:22.173176','2019-05-07 08:31:35.000000','http://track.webgains.com/click.html?wgcampaignid=ACTID&wgprogramid=11531&wgtarget=https%3A%2F%2Fwww.27dress.com%2Fc%2Fnew-wedding-dresses-77.html','https://www.27dress.com/c/new-wedding-dresses-77.html','','','http://fmtc.co/33993698/5cf2b393a1a8ad0610a32571bd98c573','',0,0,30,0,0,23.65,0,2756114,0,NULL),(100,33993699,'27Dress',27186,26566,'WG','active','$9 off Short Dresses Over $109.','','','SHORT','2019-05-07 07:00:00.000000','2020-05-01 22:59:00.000000','2020-05-02 13:08:22.674916','2019-05-07 08:32:07.000000','http://track.webgains.com/click.html?wgcampaignid=ACTID&wgprogramid=11531&wgtarget=https%3A%2F%2Fwww.27dress.com%2Fc%2Fcocktail-dresses-31%2Fp-2.html','https://www.27dress.com/c/cocktail-dresses-31/p-2.html','','','http://fmtc.co/33993699/5cf2b393a1a8ad0610a32571bd98c573','',0,0,9,0,0,23.545,0,2756124,0,NULL),(101,33993700,'27Dress',27186,26566,'WG','active','15% off Wedding Party Dresses Over $400.','','','WP15','2019-05-07 07:00:00.000000','2020-05-01 22:59:00.000000','2020-05-02 13:08:23.456997','2019-05-07 08:32:47.000000','http://track.webgains.com/click.html?wgcampaignid=ACTID&wgprogramid=11531&wgtarget=https%3A%2F%2Fwww.27dress.com%2Fc%2Fwedding-party-dresses-23.html','https://www.27dress.com/c/wedding-party-dresses-23.html','','','http://fmtc.co/33993700/5cf2b393a1a8ad0610a32571bd98c573','',0,0,0,15,0,24.65,0,2756134,0,NULL),(102,33993701,'27Dress',27186,26566,'WG','active','$10 off Hot Dresses from Real Model Series Over $119.','','','RM10','2019-05-07 07:00:00.000000','2020-05-01 22:59:00.000000','2020-05-02 13:08:24.516620','2019-05-07 08:33:23.000000','http://track.webgains.com/click.html?wgcampaignid=ACTID&wgprogramid=11531&wgtarget=https%3A%2F%2Fwww.27dress.com%2Fc%2Fhot-dresse-58.html','https://www.27dress.com/c/hot-dresse-58.html','','','http://fmtc.co/33993701/5cf2b393a1a8ad0610a32571bd98c573','',0,0,10,0,0,23.55,0,2756044,0,NULL),(103,33993702,'27Dress',27186,26566,'WG','active','$15 off Hot Dresses from Real Model Series Over $159.','','','RM15','2019-05-07 07:00:00.000000','2020-05-01 22:59:00.000000','2020-05-02 13:08:25.397086','2019-05-07 08:34:06.000000','http://track.webgains.com/click.html?wgcampaignid=ACTID&wgprogramid=11531&wgtarget=https%3A%2F%2Fwww.27dress.com%2Fc%2Fhot-dresse-58.html','https://www.27dress.com/c/hot-dresse-58.html','','','http://fmtc.co/33993702/5cf2b393a1a8ad0610a32571bd98c573','',0,0,15,0,0,23.575,0,2756054,0,NULL),(104,33993704,'27Dress',27186,26566,'WG','active','$20 off Hot Dresses from Real Model Series Over $209.','','','RM20','2019-05-07 07:00:00.000000','2020-05-01 22:59:00.000000','2020-05-02 13:08:26.528695','2019-05-07 08:34:40.000000','http://track.webgains.com/click.html?wgcampaignid=ACTID&wgprogramid=11531&wgtarget=https%3A%2F%2Fwww.27dress.com%2Fc%2Fhot-dresse-58.html','https://www.27dress.com/c/hot-dresse-58.html','','','http://fmtc.co/33993704/5cf2b393a1a8ad0610a32571bd98c573','',0,0,20,0,0,23.6,0,2756064,0,NULL),(105,33993707,'27Dress',27186,26566,'WG','active','10% off $199 Orders of All items from Evening Dresses Section.','','','ED10','2019-05-07 07:00:00.000000','2020-05-01 22:59:00.000000','2020-05-02 13:08:27.197865','2019-05-07 08:36:05.000000','http://track.webgains.com/click.html?wgcampaignid=ACTID&wgprogramid=11531&wgtarget=https%3A%2F%2Fwww.27dress.com%2Fc%2Fevening-dresses-32.html','https://www.27dress.com/c/evening-dresses-32.html','','','http://fmtc.co/33993707/5cf2b393a1a8ad0610a32571bd98c573','',0,0,0,10,0,24.6,0,2756074,0,NULL),(106,33993709,'27Dress',27186,26566,'WG','active','12% off $289 Orders of All items from Evening Dresses Section.','','','ED12','2019-05-07 07:00:00.000000','2020-05-01 22:59:00.000000','2020-05-02 13:08:27.945561','2019-05-07 08:36:59.000000','http://track.webgains.com/click.html?wgcampaignid=ACTID&wgprogramid=11531&wgtarget=https%3A%2F%2Fwww.27dress.com%2Fc%2Fevening-dresses-32.html','https://www.27dress.com/c/evening-dresses-32.html','','','http://fmtc.co/33993709/5cf2b393a1a8ad0610a32571bd98c573','',0,0,0,12,0,24.62,0,2756084,0,NULL),(107,33993711,'27Dress',27186,26566,'WG','active','$10 off 2019 Latest Wedding Dresses Over $199.','','','WED10','2019-05-07 07:00:00.000000','2020-05-01 22:59:00.000000','2020-05-02 13:08:28.825523','2019-05-07 08:37:31.000000','http://track.webgains.com/click.html?wgcampaignid=ACTID&wgprogramid=11531&wgtarget=https%3A%2F%2Fwww.27dress.com%2Fc%2Fnew-wedding-dresses-77.html','https://www.27dress.com/c/new-wedding-dresses-77.html','','','http://fmtc.co/33993711/5cf2b393a1a8ad0610a32571bd98c573','',0,0,10,0,0,23.55,0,2756094,0,NULL),(108,34459330,'27Dress',27186,26566,'WG','active','$20 off Dresses Over $299.','','','BD20','2019-06-15 07:00:00.000000','2020-06-15 22:59:00.000000','2020-05-02 13:08:29.538331','2019-06-15 14:50:16.000000','http://track.webgains.com/click.html?wgcampaignid=ACTID&wgprogramid=11531&wgtarget=https%3A%2F%2Fwww.27dress.com%2Fc%2Fwedding-dresses-16.html','https://www.27dress.com/c/wedding-dresses-16.html','','','http://fmtc.co/34459330/5cf2b393a1a8ad0610a32571bd98c573','',0,0,20,0,0,23.6,0,2771974,0,NULL),(109,34459332,'27Dress',27186,26566,'WG','active','$30 off Wedding Dresses Over $329.','','','BD30','2019-06-15 07:00:00.000000','2020-06-15 22:59:00.000000','2020-05-02 13:08:30.528196','2019-06-15 14:51:09.000000','http://track.webgains.com/click.html?wgcampaignid=ACTID&wgprogramid=11531&wgtarget=https%3A%2F%2Fwww.27dress.com%2Fc%2Fwedding-dresses-16.html','https://www.27dress.com/c/wedding-dresses-16.html','','','http://fmtc.co/34459332/5cf2b393a1a8ad0610a32571bd98c573','',0,0,30,0,0,23.65,0,2771984,0,NULL),(110,34459333,'27Dress',27186,26566,'WG','active','$5 off Bridesmaid Dresses Over $119.','','','MD05','2019-06-15 07:00:00.000000','2020-06-15 22:59:00.000000','2020-05-02 13:08:32.199242','2019-06-15 14:51:38.000000','http://track.webgains.com/click.html?wgcampaignid=ACTID&wgprogramid=11531&wgtarget=https%3A%2F%2Fwww.27dress.com%2Fc%2Fbridesmaid-dresses-24.html','https://www.27dress.com/c/bridesmaid-dresses-24.html','','','http://fmtc.co/34459333/5cf2b393a1a8ad0610a32571bd98c573','',0,0,5,0,0,23.525,0,2771994,0,NULL),(111,34459335,'27Dress',27186,26566,'WG','active','$10 off Bridesmaid Dresses Over $199.','','','MD10','2019-06-15 07:00:00.000000','2020-06-15 22:59:00.000000','2020-05-02 13:08:33.357892','2019-06-15 14:52:09.000000','http://track.webgains.com/click.html?wgcampaignid=ACTID&wgprogramid=11531&wgtarget=https%3A%2F%2Fwww.27dress.com%2Fc%2Fbridesmaid-dresses-24.html','https://www.27dress.com/c/bridesmaid-dresses-24.html','','','http://fmtc.co/34459335/5cf2b393a1a8ad0610a32571bd98c573','',0,0,10,0,0,23.55,0,2772004,0,NULL),(112,34459336,'27Dress',27186,26566,'WG','active','$10 off Plus Size Prom Dresses Over $179.','','','PLUS','2019-06-15 07:00:00.000000','2020-06-15 22:59:00.000000','2020-05-02 13:08:34.383659','2019-06-15 14:52:42.000000','http://track.webgains.com/click.html?wgcampaignid=ACTID&wgprogramid=11531&wgtarget=https%3A%2F%2Fwww.27dress.com%2Fc%2Fplus-size-dresses-34.html','https://www.27dress.com/c/plus-size-dresses-34.html','','','http://fmtc.co/34459336/5cf2b393a1a8ad0610a32571bd98c573','',0,0,10,0,0,23.55,0,2772014,0,NULL),(113,34459338,'27Dress',27186,26566,'WG','active','$10 off Prom Dresses Over $229.','','','PD10','2019-06-15 07:00:00.000000','2020-06-15 22:59:00.000000','2020-05-02 13:08:35.340344','2019-06-15 14:53:04.000000','http://track.webgains.com/click.html?wgcampaignid=ACTID&wgprogramid=11531&wgtarget=https%3A%2F%2Fwww.27dress.com%2Fc%2Fprom-dresses-33.html','https://www.27dress.com/c/prom-dresses-33.html','','','http://fmtc.co/34459338/5cf2b393a1a8ad0610a32571bd98c573','',0,0,10,10,0,24.6,0,2772024,0,NULL),(114,34459340,'27Dress',27186,26566,'WG','active','$5 off Evening Dresses Over $119.','','','EVE05','2019-06-15 07:00:00.000000','2020-06-15 22:59:00.000000','2020-05-02 13:08:35.965021','2019-06-15 14:55:45.000000','http://track.webgains.com/click.html?wgcampaignid=ACTID&wgprogramid=11531&wgtarget=https%3A%2F%2Fwww.27dress.com%2Fc%2Fevening-dresses-32.html','https://www.27dress.com/c/evening-dresses-32.html','','','http://fmtc.co/34459340/5cf2b393a1a8ad0610a32571bd98c573','',0,0,5,0,0,23.525,0,2771934,0,NULL),(115,34459341,'27Dress',27186,26566,'WG','active','$10 off Evening Dresses Over $159.','','','EVE10','2019-06-15 07:00:00.000000','2020-06-15 22:59:00.000000','2020-05-02 13:08:36.577245','2019-06-15 14:56:26.000000','http://track.webgains.com/click.html?wgcampaignid=ACTID&wgprogramid=11531&wgtarget=https%3A%2F%2Fwww.27dress.com%2Fc%2Fevening-dresses-32.html','https://www.27dress.com/c/evening-dresses-32.html','','','http://fmtc.co/34459341/5cf2b393a1a8ad0610a32571bd98c573','',0,0,10,0,0,23.55,0,2771944,0,NULL),(116,34459342,'27Dress',27186,26566,'WG','active','10% off Homecoming Dresses Over $109.','','','HOCO','2019-06-15 07:00:00.000000','2020-06-15 22:59:00.000000','2020-05-02 13:08:37.626757','2019-06-15 14:56:48.000000','http://track.webgains.com/click.html?wgcampaignid=ACTID&wgprogramid=11531&wgtarget=https%3A%2F%2Fwww.27dress.com%2Fc%2Fhomecoming-dresses-82.html','https://www.27dress.com/c/homecoming-dresses-82.html','','','http://fmtc.co/34459342/5cf2b393a1a8ad0610a32571bd98c573','',0,0,0,10,0,24.6,0,2771954,0,NULL),(117,34459344,'27Dress',27186,26566,'WG','active','$10 off Wedding Dresses Over $229.','','','BD10','2019-06-15 07:00:00.000000','2020-06-15 22:59:00.000000','2020-05-02 13:08:38.494749','2019-06-15 14:57:06.000000','http://track.webgains.com/click.html?wgcampaignid=ACTID&wgprogramid=11531&wgtarget=https%3A%2F%2Fwww.27dress.com%2Fc%2Fwedding-dresses-16.html','https://www.27dress.com/c/wedding-dresses-16.html','','','http://fmtc.co/34459344/5cf2b393a1a8ad0610a32571bd98c573','',0,0,10,0,0,23.55,0,2771964,0,NULL),(118,34662155,'27Dress',27186,26566,'WG','active','$9 off Short Dresses Over $109.','','','HOCO9','2019-06-29 07:00:00.000000','2020-06-28 22:59:00.000000','2020-05-02 13:08:39.151406','2019-06-29 10:02:36.000000','http://track.webgains.com/click.html?wgcampaignid=ACTID&wgprogramid=11531&wgtarget=https%3A%2F%2Fwww.27dress.com%2Fc%2Fhomecoming-dresses-82.html','https://www.27dress.com/c/homecoming-dresses-82.html','','','http://fmtc.co/34662155/5cf2b393a1a8ad0610a32571bd98c573','',0,0,9,0,0,23.545,0,2778384,0,NULL),(119,34662196,'27Dress',27186,26566,'WG','active','$30 off Weding Dresses Over $259.','','','WJ30','2019-06-29 07:00:00.000000','2020-06-28 22:59:00.000000','2020-05-02 13:08:39.642760','2019-06-29 10:03:20.000000','http://track.webgains.com/click.html?wgcampaignid=ACTID&wgprogramid=11531&wgtarget=https%3A%2F%2Fwww.27dress.com%2Fc%2Fwedding-dresses-16.html','https://www.27dress.com/c/wedding-dresses-16.html','','','http://fmtc.co/34662196/5cf2b393a1a8ad0610a32571bd98c573','',0,0,30,0,0,23.65,0,2778374,0,NULL),(120,34662241,'27Dress',27186,26566,'WG','active','12% off All Evening Dresses Over $199.','','','ES12','2019-06-29 07:00:00.000000','2020-06-28 22:59:00.000000','2020-05-02 13:08:40.265729','2019-06-29 10:03:55.000000','http://track.webgains.com/click.html?wgcampaignid=ACTID&wgprogramid=11531&wgtarget=https%3A%2F%2Fwww.27dress.com%2Fc%2Fevening-dresses-32.html','https://www.27dress.com/c/evening-dresses-32.html','','','http://fmtc.co/34662241/5cf2b393a1a8ad0610a32571bd98c573','',0,0,0,12,0,24.62,0,2778404,0,NULL),(121,34662276,'27Dress',27186,26566,'WG','active','$30 off Bridesmaid Dresses Over $229.','','','20190630','2019-06-29 07:00:00.000000','2020-06-28 22:59:00.000000','2020-05-02 13:08:41.211354','2019-06-29 10:04:29.000000','http://track.webgains.com/click.html?wgcampaignid=ACTID&wgprogramid=11531&wgtarget=https%3A%2F%2Fwww.27dress.com%2Fc%2Fbridesmaid-dresses-24.html','https://www.27dress.com/c/bridesmaid-dresses-24.html','','','http://fmtc.co/34662276/5cf2b393a1a8ad0610a32571bd98c573','',0,0,30,0,0,23.65,0,2778344,0,NULL),(122,34662314,'27Dress',27186,26566,'WG','active','$20 off Bridesmaid Dresses Over $199.','','','20190620','2019-06-29 07:00:00.000000','2020-06-28 22:59:00.000000','2020-05-02 13:08:42.890299','2019-06-29 10:05:11.000000','http://track.webgains.com/click.html?wgcampaignid=ACTID&wgprogramid=11531&wgtarget=https%3A%2F%2Fwww.27dress.com%2Fc%2Fbridesmaid-dresses-24.html','https://www.27dress.com/c/bridesmaid-dresses-24.html','','','http://fmtc.co/34662314/5cf2b393a1a8ad0610a32571bd98c573','',0,0,20,0,0,23.6,0,2778334,0,NULL),(123,34662566,'27Dress',27186,26566,'WG','active','10% off All the Evening Dresses Over $139.','','','ES10','2019-06-29 07:00:00.000000','2020-06-28 22:59:00.000000','2020-05-02 13:08:43.291194','2019-06-29 10:15:10.000000','http://track.webgains.com/click.html?wgcampaignid=ACTID&wgprogramid=11531&wgtarget=https%3A%2F%2Fwww.27dress.com%2Fc%2Fevening-dresses-32.html','https://www.27dress.com/c/evening-dresses-32.html','','','http://fmtc.co/34662566/5cf2b393a1a8ad0610a32571bd98c573','',0,0,0,10,0,24.6,0,2778394,0,NULL),(124,34662614,'27Dress',27186,26566,'WG','active','$5 off Bridesmaid Dresses Over $99.','','','20190605','2019-06-29 07:00:00.000000','2020-06-28 22:59:00.000000','2020-05-02 13:08:43.817329','2019-06-29 10:16:07.000000','http://track.webgains.com/click.html?wgcampaignid=ACTID&wgprogramid=11531&wgtarget=https%3A%2F%2Fwww.27dress.com%2Fc%2Fbridesmaid-dresses-24.html','https://www.27dress.com/c/bridesmaid-dresses-24.html','','','http://fmtc.co/34662614/5cf2b393a1a8ad0610a32571bd98c573','',0,0,5,0,0,23.525,0,2778314,0,NULL),(125,34662659,'27Dress',27186,26566,'WG','active','$10 off Bridesmaid Dresses Over $129.','','','20190610','2019-06-29 07:00:00.000000','2020-06-28 22:59:00.000000','2020-05-02 13:08:44.495763','2019-06-29 10:17:10.000000','http://track.webgains.com/click.html?wgcampaignid=ACTID&wgprogramid=11531&wgtarget=https%3A%2F%2Fwww.27dress.com%2Fc%2Fbridesmaid-dresses-24.html','https://www.27dress.com/c/bridesmaid-dresses-24.html','','','http://fmtc.co/34662659/5cf2b393a1a8ad0610a32571bd98c573','',0,0,10,0,0,23.55,0,2778324,0,NULL),(126,34662686,'27Dress',27186,26566,'WG','active','$6 off Prom Dresses Over $109.','','','PROM6','2019-06-29 07:00:00.000000','2020-06-28 22:59:00.000000','2020-05-02 13:08:45.520085','2019-06-29 10:17:53.000000','http://track.webgains.com/click.html?wgcampaignid=ACTID&wgprogramid=11531&wgtarget=https%3A%2F%2Fwww.27dress.com%2Fc%2Fprom-dresses-33.html','https://www.27dress.com/c/prom-dresses-33.html','','','http://fmtc.co/34662686/5cf2b393a1a8ad0610a32571bd98c573','',0,0,6,0,0,23.53,0,2778354,0,NULL),(127,34662853,'27Dress',27186,26566,'WG','active','$20 off All the Weeding Dresses Over $189.','','','WJ20','2019-06-29 07:00:00.000000','2020-06-28 22:59:00.000000','2020-05-02 13:08:46.243885','2019-06-29 10:20:18.000000','http://track.webgains.com/click.html?wgcampaignid=ACTID&wgprogramid=11531&wgtarget=https%3A%2F%2Fwww.27dress.com%2Fc%2Fwedding-dresses-16.html','https://www.27dress.com/c/wedding-dresses-16.html','','','http://fmtc.co/34662853/5cf2b393a1a8ad0610a32571bd98c573','',0,0,20,0,0,23.6,0,2778364,0,NULL),(128,34905908,'27Dress',27186,26566,'WG','active','10% off All Evening Dresses Over $179.','','','gown10','2019-07-09 07:00:00.000000','2020-07-01 22:59:00.000000','2020-05-02 13:08:46.946649','2019-07-09 10:51:06.000000','http://track.webgains.com/click.html?wgcampaignid=ACTID&wgprogramid=11531&wgtarget=https%3A%2F%2Fwww.27dress.com%2Fc%2Fevening-dresses-32.html','https://www.27dress.com/c/evening-dresses-32.html','','','http://fmtc.co/34905908/5cf2b393a1a8ad0610a32571bd98c573','',0,0,0,10,0,24.6,0,2783734,0,NULL),(129,34906255,'27Dress',27186,26566,'WG','active','$8 off Homecoming Dresses Over $99.','','','sds8','2019-07-09 07:00:00.000000','2020-07-01 22:59:00.000000','2020-05-02 13:08:47.860097','2019-07-09 11:00:23.000000','http://track.webgains.com/click.html?wgcampaignid=ACTID&wgprogramid=11531&wgtarget=https%3A%2F%2Fwww.27dress.com%2Fc%2Fhomecoming-dresses-82.html','https://www.27dress.com/c/homecoming-dresses-82.html','','','http://fmtc.co/34906255/5cf2b393a1a8ad0610a32571bd98c573','',0,0,8,0,0,23.54,0,2783744,0,NULL),(130,34906264,'27Dress',27186,26566,'WG','active','$5 off Prom Dresses More Than $100.','','','prom5','2019-07-09 07:00:00.000000','2020-07-01 22:59:00.000000','2020-05-02 13:08:48.928688','2019-07-09 11:01:18.000000','http://track.webgains.com/click.html?wgcampaignid=ACTID&wgprogramid=11531&wgtarget=https%3A%2F%2Fwww.27dress.com%2Fc%2Fprom-dresses-33.html','https://www.27dress.com/c/prom-dresses-33.html','','','http://fmtc.co/34906264/5cf2b393a1a8ad0610a32571bd98c573','',0,0,5,0,0,23.525,0,2783674,0,NULL),(131,34906273,'27Dress',27186,26566,'WG','active','$30 off Wedding Dresses Over $279.','','','bride30','2019-07-09 07:00:00.000000','2020-07-01 22:59:00.000000','2020-05-02 13:08:49.709296','2019-07-09 11:01:53.000000','http://track.webgains.com/click.html?wgcampaignid=ACTID&wgprogramid=11531&wgtarget=https%3A%2F%2Fwww.27dress.com%2Fc%2Fwedding-dresses-16%2Fp-2.html','https://www.27dress.com/c/wedding-dresses-16/p-2.html','','','http://fmtc.co/34906273/5cf2b393a1a8ad0610a32571bd98c573','',0,0,30,0,0,23.65,0,2783694,0,NULL),(132,34906287,'27Dress',27186,26566,'WG','active','$20 off Prom Dresses More Than $200.','','','prom20','2019-07-09 07:00:00.000000','2020-07-01 22:59:00.000000','2020-05-02 13:08:50.588238','2019-07-09 11:03:03.000000','http://track.webgains.com/click.html?wgcampaignid=ACTID&wgprogramid=11531&wgtarget=https%3A%2F%2Fwww.27dress.com%2Fc%2Fprom-dresses-33.html','https://www.27dress.com/c/prom-dresses-33.html','','','http://fmtc.co/34906287/5cf2b393a1a8ad0610a32571bd98c573','',0,0,20,0,0,23.6,0,2783684,0,NULL),(133,34906312,'27Dress',27186,26566,'WG','active','$15 off Bridesmaid Dresses Over $169.','','','maid15','2019-07-09 07:00:00.000000','2020-07-01 22:59:00.000000','2020-05-02 13:08:51.312041','2019-07-09 11:04:52.000000','http://track.webgains.com/click.html?wgcampaignid=ACTID&wgprogramid=11531&wgtarget=https%3A%2F%2Fwww.27dress.com%2Fc%2Fbridesmaid-dresses-24.html','https://www.27dress.com/c/bridesmaid-dresses-24.html','','','http://fmtc.co/34906312/5cf2b393a1a8ad0610a32571bd98c573','',0,0,15,0,0,23.575,0,2783714,0,NULL),(134,34906317,'27Dress',27186,26566,'WG','active','$10 off Bridesmaid Dresses Over $109.','','','maid10','2019-07-09 07:00:00.000000','2020-07-01 22:59:00.000000','2020-05-02 13:08:52.214209','2019-07-09 11:05:48.000000','http://track.webgains.com/click.html?wgcampaignid=ACTID&wgprogramid=11531&wgtarget=https%3A%2F%2Fwww.27dress.com%2Fc%2Fbridesmaid-dresses-24.html','https://www.27dress.com/c/bridesmaid-dresses-24.html','','','http://fmtc.co/34906317/5cf2b393a1a8ad0610a32571bd98c573','',0,0,10,0,0,23.55,0,2783704,0,NULL),(135,34906320,'27Dress',27186,26566,'WG','active','8% off Evening Dresses Over $119.','','','gown08','2019-07-09 07:00:00.000000','2020-07-01 22:59:00.000000','2020-05-02 13:08:52.850559','2019-07-09 11:06:20.000000','http://track.webgains.com/click.html?wgcampaignid=ACTID&wgprogramid=11531&wgtarget=https%3A%2F%2Fwww.27dress.com%2Fc%2Fevening-dresses-32.html','https://www.27dress.com/c/evening-dresses-32.html','','','http://fmtc.co/34906320/5cf2b393a1a8ad0610a32571bd98c573','',0,0,0,8,0,24.58,0,2783724,0,NULL),(136,35337407,'27Dress',27186,26566,'WG','active','$10 off Short Homecoming Dresses Over $130.','','','hd0816','2019-08-21 07:00:00.000000','2020-08-16 22:59:00.000000','2020-05-02 13:08:53.531580','2019-08-21 10:45:01.000000','http://track.webgains.com/click.html?wgcampaignid=ACTID&wgprogramid=11531&wgtarget=https%3A%2F%2Fwww.27dress.com%2Fc%2Fcocktail-dresses-31.html','https://www.27dress.com/c/cocktail-dresses-31.html','','','http://fmtc.co/35337407/5cf2b393a1a8ad0610a32571bd98c573','',0,0,10,0,0,23.55,0,2805764,0,NULL),(137,35337410,'27Dress',27186,26566,'WG','active','$10 off Evening Dresses Over $200.','','','ed0816','2019-08-21 07:00:00.000000','2020-08-16 22:59:00.000000','2020-05-02 13:08:54.110634','2019-08-21 10:45:34.000000','http://track.webgains.com/click.html?wgcampaignid=ACTID&wgprogramid=11531&wgtarget=https%3A%2F%2Fwww.27dress.com%2Fc%2Fevening-dresses-32.html','https://www.27dress.com/c/evening-dresses-32.html','','','http://fmtc.co/35337410/5cf2b393a1a8ad0610a32571bd98c573','',0,0,10,0,0,23.55,0,2805774,0,NULL),(138,35337413,'27Dress',27186,26566,'WG','active','$5 off Plus Size Prom Dresses Over $100.','','','psd0816','2019-08-21 07:00:00.000000','2020-08-16 22:59:00.000000','2020-05-02 13:08:55.237688','2019-08-21 10:45:43.000000','http://track.webgains.com/click.html?wgcampaignid=ACTID&wgprogramid=11531&wgtarget=https%3A%2F%2Fwww.27dress.com%2Fc%2Fplus-size-dresses-34.html','https://www.27dress.com/c/plus-size-dresses-34.html','','','http://fmtc.co/35337413/5cf2b393a1a8ad0610a32571bd98c573','',0,0,5,0,0,23.525,0,2805754,0,NULL),(139,35337418,'27Dress',27186,26566,'WG','active','$10 off the Latest Wedding Dresses Over $200.','','','wd0816','2019-08-21 07:00:00.000000','2020-08-16 22:59:00.000000','2020-05-02 13:08:56.029823','2019-08-21 10:46:19.000000','http://track.webgains.com/click.html?wgcampaignid=ACTID&wgprogramid=11531&wgtarget=https%3A%2F%2Fwww.27dress.com%2Fc%2Fwedding-dresses-16.html','https://www.27dress.com/c/wedding-dresses-16.html','','','http://fmtc.co/35337418/5cf2b393a1a8ad0610a32571bd98c573','',0,0,10,0,0,23.55,0,2805794,0,NULL),(140,35337419,'27Dress',27186,26566,'WG','active','$10 off the Latest Homecoming Dresses Over $130.','','','hcd0816','2019-08-21 07:00:00.000000','2020-08-16 22:59:00.000000','2020-05-02 13:08:57.024253','2019-08-21 10:47:03.000000','http://track.webgains.com/click.html?wgcampaignid=ACTID&wgprogramid=11531&wgtarget=https%3A%2F%2Fwww.27dress.com%2Fc%2Fhomecoming-dresses-82.html','https://www.27dress.com/c/homecoming-dresses-82.html','','','http://fmtc.co/35337419/5cf2b393a1a8ad0610a32571bd98c573','',0,0,10,0,0,23.55,0,2805784,0,NULL),(141,35337450,'27Dress',27186,26566,'WG','active','$10 off Special Occasion Dresses Over $200.','','','sd0816','2019-08-21 07:00:00.000000','2020-08-16 22:59:00.000000','2020-05-02 13:08:57.414077','2019-08-21 10:53:34.000000','http://track.webgains.com/click.html?wgcampaignid=ACTID&wgprogramid=11531&wgtarget=https%3A%2F%2Fwww.27dress.com%2Fc%2Fspecial-occasion-dresses-30.html','https://www.27dress.com/c/special-occasion-dresses-30.html','','','http://fmtc.co/35337450/5cf2b393a1a8ad0610a32571bd98c573','',0,0,10,0,0,23.55,0,2805734,0,NULL),(142,35337453,'27Dress',27186,26566,'WG','active','$10 off Prom Dressess Over $200.','','','pd0816','2019-08-21 07:00:00.000000','2020-08-16 22:59:00.000000','2020-05-02 13:08:58.442127','2019-08-21 10:54:05.000000','http://track.webgains.com/click.html?wgcampaignid=ACTID&wgprogramid=11531&wgtarget=https%3A%2F%2Fwww.27dress.com%2Fc%2Fprom-dresses-33.html','https://www.27dress.com/c/prom-dresses-33.html','','','http://fmtc.co/35337453/5cf2b393a1a8ad0610a32571bd98c573','',0,0,10,0,0,23.55,0,2805744,0,NULL),(143,35337535,'27Dress',27186,26566,'WG','active','Buy 2 Wedding Dresses Over $180, Get $10 off.','','','cwd0816','2019-08-21 07:00:00.000000','2020-08-16 22:59:00.000000','2020-05-02 13:08:59.381350','2019-08-21 11:03:49.000000','http://track.webgains.com/click.html?wgcampaignid=ACTID&wgprogramid=11531&wgtarget=https%3A%2F%2Fwww.27dress.com%2Fc%2Fcheap-wedding-dresses-59.html','https://www.27dress.com/c/cheap-wedding-dresses-59.html','','','http://fmtc.co/35337535/5cf2b393a1a8ad0610a32571bd98c573','',0,0,10,0,0,23.55,0,2805814,0,NULL),(144,35337576,'27Dress',27186,26566,'WG','active','$10 off New Arrival Wedding Dresses Over $200.','','','nwd0816','2019-08-21 07:00:00.000000','2020-08-16 22:59:00.000000','2020-05-02 13:09:00.326541','2019-08-21 11:14:41.000000','http://track.webgains.com/click.html?wgcampaignid=ACTID&wgprogramid=11531&wgtarget=https%3A%2F%2Fwww.27dress.com%2Fc%2Fnew-wedding-dresses-77.html','https://www.27dress.com/c/new-wedding-dresses-77.html','','','http://fmtc.co/35337576/5cf2b393a1a8ad0610a32571bd98c573','',0,0,10,0,0,23.55,0,2805804,0,NULL),(145,35337700,'27Dress',27186,26566,'WG','active','$10 off Princess Wedding Dresses Over $200.','','','pwd0816','2019-08-21 07:00:00.000000','2020-08-16 22:59:00.000000','2020-05-02 13:09:01.307280','2019-08-21 12:14:08.000000','http://track.webgains.com/click.html?wgcampaignid=ACTID&wgprogramid=11531&wgtarget=https%3A%2F%2Fwww.27dress.com%2Fc%2Fprincess-wedding-dresses-19.html','https://www.27dress.com/c/princess-wedding-dresses-19.html','','','http://fmtc.co/35337700/5cf2b393a1a8ad0610a32571bd98c573','',0,0,10,0,0,23.55,0,2805824,0,NULL),(146,33672429,'1ink.com',27450,13985,'AW','active','Free Shipping on $55+ order.','','','','2019-01-11 08:00:00.000000','2020-01-01 07:59:00.000000','2020-05-02 13:09:02.097364','2019-01-11 22:29:57.000000','https://www.awin1.com/cread.php?awinaffid=ACTID&awinmid=7210&p=%5B%5Bhttps%3A%2F%2Fwww.1ink.com%2F%5D%5D','https://www.1ink.com/','','','http://fmtc.co/33672429/5cf2b393a1a8ad0610a32571bd98c573','',0,0,0,0,55,20.089,0,0,0,NULL),(147,33672430,'1ink.com',27450,13985,'AW','active','10% off Sitewide.','','','TAKE10','2019-01-11 08:00:00.000000','2020-01-01 07:59:00.000000','2020-05-02 13:09:03.253746','2019-01-11 22:31:42.000000','https://www.awin1.com/cread.php?awinaffid=ACTID&awinmid=7210&p=%5B%5Bhttps%3A%2F%2Fwww.1ink.com%2F%3Fa%3Dcp2%5D%5D','https://www.1ink.com/?a=cp2','','','http://fmtc.co/33672430/5cf2b393a1a8ad0610a32571bd98c573','',0,0,0,10,0,24.6,0,0,0,NULL),(148,33672431,'1ink.com',27450,13985,'AW','active','15% off Sitewide.','','1ink pays a lower commission on the use of this code.','TAKE15','2019-01-11 08:00:00.000000','2020-01-01 07:59:00.000000','2020-05-02 13:09:04.088312','2019-01-11 22:32:07.000000','https://www.awin1.com/cread.php?awinaffid=ACTID&awinmid=7210&p=%5B%5Bhttps%3A%2F%2Fwww.1ink.com%2F%3Fa%3Dcp1%5D%5D','https://www.1ink.com/?a=cp1','','','http://fmtc.co/33672431/5cf2b393a1a8ad0610a32571bd98c573','',0,0,0,15,0,24.65,0,0,0,NULL),(149,34467012,'365 Tickets',28723,23129,'AW','active','Save on the Specials Selection.','','','','2019-06-17 07:00:00.000000','2050-12-31 23:59:59.000000','2020-05-02 13:09:04.711185','2019-06-17 15:20:51.000000','https://www.awin1.com/awclick.php?mid=7055&id=ACTID','https://www.365tickets.co.uk/','','','http://fmtc.co/34467012/5cf2b393a1a8ad0610a32571bd98c573','',0,0,0,0,0,13,0,0,0,NULL),(150,32559502,'123AutoParts.com',29673,28554,'SAS','active','Save on Featured Products.','','','','2018-08-22 07:00:00.000000','2050-12-31 23:59:59.000000','2020-05-02 13:09:05.013574','2018-08-23 02:31:28.000000','http://www.shareasale.com/r.cfm?B=313808&u=ACTID&M=33219&urllink=','http://www.123autoparts.com','','','http://fmtc.co/32559502/5cf2b393a1a8ad0610a32571bd98c573','',0,0,0,0,0,13,0,0,0,NULL),(151,33938021,'100 Percent Pure CA',29731,27614,'SAS','active','Free Shipping on Orders of CA$50 or More.','','','','2019-04-17 07:00:00.000000','2050-12-31 23:59:59.000000','2020-05-02 13:09:05.403082','2019-04-17 14:25:22.000000','https://shareasale.com/r.cfm?b=778941&u=ACTID&m=61852&urllink=https%3A%2F%2Fwww.100percentpure.com%2F100percentpure%2Ecom%2F','https://www.100percentpure.com/collections/gift-sets','','','http://fmtc.co/33938021/5cf2b393a1a8ad0610a32571bd98c573','',0,0,0,0,0,20,0,0,0,NULL),(152,33938022,'100 Percent Pure CA',29731,27614,'SAS','active','2 Free Samples with $45 order.','','','','2019-04-17 07:00:00.000000','2050-12-31 23:59:59.000000','2020-05-02 13:09:06.137685','2019-04-17 14:26:19.000000','https://shareasale.com/r.cfm?b=778941&u=ACTID&m=61852&urllink=https%3A%2F%2Fwww.100percentpure.com%2Fpages%2Fsample100percentpure%2Ecom%2F','https://www.100percentpure.com/pages/sample100percentpure.com','','','http://fmtc.co/33938022/5cf2b393a1a8ad0610a32571bd98c573','',0,0,0,0,45,10.091,0,0,0,NULL),(153,33938023,'100 Percent Pure CA',29731,27614,'SAS','active','Shop Best Selling Cosmetics.','','','','2019-04-17 07:00:00.000000','2050-12-31 23:59:59.000000','2020-05-02 13:09:06.527163','2019-04-17 14:27:25.000000','https://shareasale.com/r.cfm?b=778941&u=ACTID&m=61852&urllink=https%3A%2F%2Fwww.100percentpure.com%2Fcollections%2Fbest-sellers100percentpure%2Ecom%2F','https://www.100percentpure.com/collections/best-sellers100percentpure.com','','','http://fmtc.co/33938023/5cf2b393a1a8ad0610a32571bd98c573','',0,0,0,0,0,5,0,0,0,NULL),(154,33938024,'100 Percent Pure CA',29731,27614,'SAS','active','Shop Natural Hair Care Products.','','','','2019-04-17 07:00:00.000000','2050-12-31 23:59:59.000000','2020-05-02 13:09:07.027853','2019-04-17 14:28:31.000000','https://shareasale.com/r.cfm?b=778941&u=ACTID&m=61852&urllink=https%3A%2F%2Fwww.100percentpure.com%2Fcollections%2Fhair-products100percentpure%2Ecom%2F','https://www.100percentpure.com/collections/hair-products100percentpure.com','','','http://fmtc.co/33938024/5cf2b393a1a8ad0610a32571bd98c573','',0,0,0,0,0,5,0,0,0,NULL),(155,26358110,'180 Nutrition AU',31163,29850,'CF','active','Save on Bundles.','','','','2017-07-23 07:00:00.000000','2050-12-31 23:59:59.000000','2020-05-02 13:09:08.665056','2017-07-23 13:12:18.000000','https://t.cfjump.com/ACTID/o/29253','http://shop.180nutrition.com.au/bundles','','','http://fmtc.co/26358110/5cf2b393a1a8ad0610a32571bd98c573','',0,0,0,0,0,13,0,29253,0,NULL),(156,32321578,'1-800-Flowers.ca',31222,16617,'IR','active','20% off $85+ Orders Before Shipping and Taxes.','','','UPGRADE20','2019-01-01 05:00:00.000000','2020-05-01 04:00:00.000000','2020-05-02 13:09:09.232781','2018-07-26 21:31:09.000000','https://1800flowersca.zz6n.net/c/ACTID/502541/5375','http://www.1800flowers.ca','','','http://fmtc.co/32321578/5cf2b393a1a8ad0610a32571bd98c573','',0,0,0,20,85,24.783,0,502541,0,NULL),(157,32709436,'1-800-Flowers.ca',31222,16617,'IR','active','18% off Your Plants Selection.','','','GREENTHUMB18','2018-01-01 05:00:00.000000','2020-05-01 04:00:00.000000','2020-05-02 13:09:09.799512','2018-09-07 20:50:41.000000','https://1800flowersca.zz6n.net/c/ACTID/514192/5375','http://www.1800flowers.ca/en/canada/products/plants','','','http://fmtc.co/32709436/5cf2b393a1a8ad0610a32571bd98c573','',0,0,0,18,0,24.68,0,514192,0,NULL),(158,33974425,'1-800-Flowers.ca',31222,16617,'IR','active','Celebrate and Get 15% off Flowers and Gifts.','','','SAVE15CA','2019-04-30 07:00:00.000000','2020-05-01 04:00:00.000000','2020-05-02 13:09:10.323248','2019-04-30 14:09:23.000000','https://1800flowersca.zz6n.net/c/ACTID/373950/5375','http://www.1800flowers.ca','','','http://fmtc.co/33974425/5cf2b393a1a8ad0610a32571bd98c573','',0,0,0,15,0,24.65,0,373950,0,NULL),(159,34509392,'1-800-Flowers.ca',31222,16617,'IR','active','Ftez et economisez 15% sur les bouquets de fleurs.','','','SAVE15CA','2019-06-21 07:00:00.000000','2020-04-30 04:00:00.000000','2020-05-02 13:09:10.902027','2019-06-21 10:40:27.000000','https://1800flowersca.zz6n.net/c/ACTID/442581/5375','http://www.1800flowers.ca','','','http://fmtc.co/34509392/5cf2b393a1a8ad0610a32571bd98c573','',0,0,0,0,0,13,0,442581,0,NULL),(160,35551601,'1-800-Baskets',31251,6889,'IR','active','20% off Orders and Preview the Halloween Collection.','','','PUMPKIN','2019-09-20 04:00:00.000000','2019-09-23 03:59:00.000000','2020-05-02 13:09:11.730486','2019-09-13 15:39:26.000000','https://1800baskets.w6fg.net/c/ACTID/673273/5363','http://www.1800baskets.com/Halloween-Gifts-13823','','','http://fmtc.co/35551601/5cf2b393a1a8ad0610a32571bd98c573','',0,0,0,20,0,24.7,0,673273,0,NULL),(161,29594508,'1-800-DENTIST',31382,17838,'CJ','active','Search for Pre-Screened Dentists.','','','','2018-02-02 08:00:00.000000','2050-12-31 23:59:59.000000','2020-05-02 13:09:12.317198','2018-02-02 17:56:16.000000','http://www.jdoqocy.com/click-ACTID-12201960-1517014089000','http://800trk.com/?a=354&c=2','','','http://fmtc.co/29594508/5cf2b393a1a8ad0610a32571bd98c573','<img src=\"//www.jdoqocy.com/image-ACTID-12201960-1517014089000\" width=\"1\" height=\"1\" border=\"0\" />',0,0,0,0,0,7,0,12201960,0,NULL),(162,27369365,'1-800 Postcards',31814,30293,'CJ','active','Shop Custom Printing Products.','','','','2017-10-03 07:00:00.000000','2050-12-31 23:59:59.000000','2020-05-02 13:09:13.895339','2017-10-03 14:11:22.000000','http://www.jdoqocy.com/click-ACTID-13028409-1504048170000','http://www.1800postcards.com/products/','','','http://fmtc.co/27369365/5cf2b393a1a8ad0610a32571bd98c573','<img src=\"//www.jdoqocy.com/image-ACTID-13028409-1504048170000\" width=\"1\" height=\"1\" border=\"0\" />',0,0,0,0,0,5,0,13028409,0,NULL),(163,27439655,'1-800-4CLOCKS',31879,30346,'PJ','active','Shop Grandfather Clocks.','','','','2017-10-06 07:00:00.000000','2050-12-31 23:59:59.000000','2020-05-02 13:09:14.273776','2017-10-06 14:17:19.000000','http://www.pntrac.com/t/8-11744-ACTID-163327?u=https%3A%2F%2Fwww.1-800-4clocks.com%2Fgrandfather-clocks.html','https://www.1-800-4clocks.com/grandfather-clocks.html','','','http://fmtc.co/27439655/5cf2b393a1a8ad0610a32571bd98c573','',0,0,0,0,0,5,0,11744,0,NULL),(164,27439657,'1-800-4CLOCKS',31879,30346,'PJ','active','Shop Wall Clocks.','','','','2017-10-06 07:00:00.000000','2050-12-31 23:59:59.000000','2020-05-02 13:09:14.774118','2017-10-06 14:17:37.000000','http://www.pntrac.com/t/8-11744-ACTID-163327?u=https%3A%2F%2Fwww.1-800-4clocks.com%2Fwall-clocks.html','https://www.1-800-4clocks.com/wall-clocks.html','','','http://fmtc.co/27439657/5cf2b393a1a8ad0610a32571bd98c573','',0,0,0,0,0,5,0,11744,0,NULL),(165,27638158,'1-800-4CLOCKS',31879,30346,'PJ','active','Save on Wall Clocks.','','','','2017-10-16 07:00:00.000000','2050-12-31 23:59:59.000000','2020-05-02 13:09:15.163957','2017-10-16 14:32:14.000000','https://www.pjtra.com/t/2-320806-ACTID-163327','http://pepperjamnetwork.com/tracking/error.php','','','http://fmtc.co/27638158/5cf2b393a1a8ad0610a32571bd98c573','',0,0,0,0,0,13,0,320806,0,NULL),(166,27638161,'1-800-4CLOCKS',31879,30346,'PJ','active','Save on Traditional Grandfather Clocks.','','','','2017-10-16 07:00:00.000000','2050-12-31 23:59:59.000000','2020-05-02 13:09:15.735015','2017-10-16 14:33:41.000000','http://www.pjtra.com/t/2-320805-ACTID-163327','https://www.1-800-4clocks.com/traditional-grandfather-clocks.html#/?Type=Grandfather+Clocks&search_return=all&tracking=Dynamic','','','http://fmtc.co/27638161/5cf2b393a1a8ad0610a32571bd98c573','',0,0,0,0,0,13,0,320805,0,NULL),(167,27638165,'1-800-4CLOCKS',31879,30346,'PJ','active','Save on Mantel Clock.','','','','2017-10-16 07:00:00.000000','2050-12-31 23:59:59.000000','2020-05-02 13:09:16.233511','2017-10-16 14:34:36.000000','https://www.pjtra.com/t/2-320804-ACTID-163327','http://pepperjamnetwork.com/tracking/error.php','','','http://fmtc.co/27638165/5cf2b393a1a8ad0610a32571bd98c573','',0,0,0,0,0,13,0,320804,0,NULL),(168,27638167,'1-800-4CLOCKS',31879,30346,'PJ','active','Save on Limited Edition Clocks.','','','','2017-10-16 07:00:00.000000','2050-12-31 23:59:59.000000','2020-05-02 13:09:16.734471','2017-10-16 14:35:09.000000','https://www.pjtra.com/t/2-320813-ACTID-163327','http://pepperjamnetwork.com/tracking/error.php','','','http://fmtc.co/27638167/5cf2b393a1a8ad0610a32571bd98c573','',0,0,0,0,0,13,0,320813,0,NULL),(169,27638169,'1-800-4CLOCKS',31879,30346,'PJ','active','Save on Astrolabium and Tellurium Clocks.','','','','2017-10-16 07:00:00.000000','2050-12-31 23:59:59.000000','2020-05-02 13:09:17.224509','2017-10-16 14:35:32.000000','https://www.pjtra.com/t/2-320812-ACTID-163327','http://pepperjamnetwork.com/tracking/error.php','','','http://fmtc.co/27638169/5cf2b393a1a8ad0610a32571bd98c573','',0,0,0,0,0,13,0,320812,0,NULL),(170,27638170,'1-800-4CLOCKS',31879,30346,'PJ','active','Save on Contemporary Grandfather Clocks.','','','','2017-10-16 07:00:00.000000','2050-12-31 23:59:59.000000','2020-05-02 13:09:17.603603','2017-10-16 14:35:53.000000','https://www.pjtra.com/t/2-320811-ACTID-163327','http://pepperjamnetwork.com/tracking/error.php','','','http://fmtc.co/27638170/5cf2b393a1a8ad0610a32571bd98c573','',0,0,0,0,0,13,0,320811,0,NULL),(171,27638171,'1-800-4CLOCKS',31879,30346,'PJ','active','Save on Mechanical Chiming Mantel Clocks.','','','','2017-10-16 07:00:00.000000','2050-12-31 23:59:59.000000','2020-05-02 13:09:18.227501','2017-10-16 14:36:20.000000','https://www.pjtra.com/t/2-320810-ACTID-163327','http://pepperjamnetwork.com/tracking/error.php','','','http://fmtc.co/27638171/5cf2b393a1a8ad0610a32571bd98c573','',0,0,0,0,0,13,0,320810,0,NULL),(172,30704804,'123Print',33323,5470,'SAS','active','25% off Greeting Cards.','','','1A25OFFG8','2018-04-12 07:00:00.000000','2023-01-01 07:59:00.000000','2020-05-02 13:09:18.919444','2018-04-13 02:32:06.000000','https://www.shareasale.com/u.cfm?d=489431&m=76729&u=ACTID','http://www.123print.com/greeting-cards/landing-page.aspx?incomingcode=1A25OFFG8','','','http://fmtc.co/30704804/5cf2b393a1a8ad0610a32571bd98c573','',0,0,0,25,0,24.75,0,489431,0,NULL),(173,30704805,'123Print',33323,5470,'SAS','active','20% off Business Cards.','','','1A20OFFBC8','2018-04-12 07:00:00.000000','2023-01-01 07:59:00.000000','2020-05-02 13:09:19.442679','2018-04-13 02:32:17.000000','https://www.shareasale.com/u.cfm?d=489427&m=76729&u=ACTID','http://www.123print.com?incomingcode=1A20OFFBC8','','','http://fmtc.co/30704805/5cf2b393a1a8ad0610a32571bd98c573','',0,0,0,20,0,24.7,0,489427,0,NULL),(174,30704828,'123Print',33323,5470,'SAS','active','15% off Sitewide.','','','1A15OFF18','2018-04-12 07:00:00.000000','2023-01-01 07:59:00.000000','2020-05-02 13:09:19.943633','2018-04-13 02:41:00.000000','https://www.shareasale.com/u.cfm?d=477334&m=76729&u=ACTID','https://www.123print.com?incomingcode=1A15OFF18','','','http://fmtc.co/30704828/5cf2b393a1a8ad0610a32571bd98c573','',0,0,0,15,0,24.65,0,477334,0,NULL),(175,30842012,'123Print',33323,5470,'SAS','active','Shop Postcards.','','','','2018-04-23 07:00:00.000000','2050-12-31 23:59:59.000000','2020-05-02 13:09:20.155035','2018-04-23 19:57:57.000000','https://www.shareasale.com/r.cfm?b=1160288&u=ACTID&m=76729&urllink=','http://www.123print.com/marketing/postcards.aspx','','','http://fmtc.co/30842012/5cf2b393a1a8ad0610a32571bd98c573','',0,0,0,0,0,5,0,1160288,0,NULL),(176,30842013,'123Print',33323,5470,'SAS','active','Shop Post-it Notes.','','','','2018-04-23 07:00:00.000000','2050-12-31 23:59:59.000000','2020-05-02 13:09:20.611092','2018-04-23 19:58:11.000000','https://www.shareasale.com/r.cfm?b=1160290&u=ACTID&m=76729&urllink=','http://www.123print.com/marketing/post-it-notes/landing-page.aspx','','','http://fmtc.co/30842013/5cf2b393a1a8ad0610a32571bd98c573','',0,0,0,0,0,5,0,1160290,0,NULL),(177,30842020,'123Print',33323,5470,'SAS','active','Shop Greeting Cards.','','','','2018-04-23 07:00:00.000000','2050-12-31 23:59:59.000000','2020-05-02 13:09:20.844842','2018-04-23 19:59:37.000000','https://www.shareasale.com/r.cfm?b=1160284&u=ACTID&m=76729&urllink=','http://www.123print.com/greeting-cards/landing-page.aspx','','','http://fmtc.co/30842020/5cf2b393a1a8ad0610a32571bd98c573','',0,0,0,0,0,5,0,1160284,0,NULL),(178,30842022,'123Print',33323,5470,'SAS','active','Shop Address Labels.','','','','2018-04-23 07:00:00.000000','2050-12-31 23:59:59.000000','2020-05-02 13:09:21.101815','2018-04-23 20:00:06.000000','https://www.shareasale.com/r.cfm?b=1160273&u=ACTID&m=76729&urllink=','http://www.123print.com/office-stationery/labels/return-address-labels.aspx','','','http://fmtc.co/30842022/5cf2b393a1a8ad0610a32571bd98c573','',0,0,0,0,0,5,0,1160273,0,NULL),(179,30842026,'123Print',33323,5470,'SAS','active','Shop Marketing Materials.','','','','2018-04-23 07:00:00.000000','2050-12-31 23:59:59.000000','2020-05-02 13:09:21.936169','2018-04-23 20:02:17.000000','https://www.shareasale.com/r.cfm?b=1160294&u=ACTID&m=76729&urllink=','http://www.123print.com/marketing/landing-page.aspx','','','http://fmtc.co/30842026/5cf2b393a1a8ad0610a32571bd98c573','',0,0,0,0,0,5,0,1160294,0,NULL),(180,30842027,'123Print',33323,5470,'SAS','active','Office and Stationery.','','','','2018-04-23 07:00:00.000000','2050-12-31 23:59:59.000000','2020-05-02 13:09:22.182147','2018-04-23 20:02:32.000000','https://www.shareasale.com/r.cfm?b=1160293&u=ACTID&m=76729&urllink=','http://www.123print.com/office-stationery/landing-page.aspx?incomingcode=1A15OFF18','','','http://fmtc.co/30842027/5cf2b393a1a8ad0610a32571bd98c573','',0,0,0,15,0,5.15,0,1160293,0,NULL),(181,30842147,'123Print',33323,5470,'SAS','active','Shop Birthday Cards.','','','','2018-04-23 07:00:00.000000','2050-12-31 23:59:59.000000','2020-05-02 13:09:22.863423','2018-04-23 20:11:40.000000','https://www.shareasale.com/r.cfm?b=1160301&u=ACTID&m=76729&urllink=','http://www.123print.com/greeting-cards/birthday-cards.aspx','','','http://fmtc.co/30842147/5cf2b393a1a8ad0610a32571bd98c573','',0,0,0,0,0,5,0,1160301,0,NULL),(182,30842148,'123Print',33323,5470,'SAS','active','Shop Invitations and Announcements.','','','','2018-04-23 07:00:00.000000','2050-12-31 23:59:59.000000','2020-05-02 13:09:23.425933','2018-04-23 20:11:56.000000','https://www.shareasale.com/r.cfm?b=1160297&u=ACTID&m=76729&urllink=','http://www.123print.com/invitations-announcements/landing-page.aspx','','','http://fmtc.co/30842148/5cf2b393a1a8ad0610a32571bd98c573','',0,0,0,0,0,5,0,1160297,0,NULL),(183,30842149,'123Print',33323,5470,'SAS','active','Birthday Cards.','','','','2018-04-23 07:00:00.000000','2050-12-31 23:59:59.000000','2020-05-02 13:09:23.834271','2018-04-23 20:12:15.000000','https://www.shareasale.com/r.cfm?b=1160303&u=ACTID&m=76729&urllink=','http://www.123print.com/greeting-cards/birthday-cards.aspx?incomingcode=1A15OFF18','','','http://fmtc.co/30842149/5cf2b393a1a8ad0610a32571bd98c573','',0,0,0,25,0,5.25,0,1160303,0,NULL),(184,32540232,'123Print',33323,5470,'SAS','active','15% off Postcards.','','','1A15PC18','2018-08-20 07:00:00.000000','2023-01-01 07:59:00.000000','2020-05-02 13:09:24.293328','2018-08-21 00:26:07.000000','https://www.shareasale.com/u.cfm?d=529924&m=76729&u=ACTID','http://www.123print.com/marketing/postcards.aspx?incomingcode=1A15PC18','','','http://fmtc.co/32540232/5cf2b393a1a8ad0610a32571bd98c573','',0,0,0,15,0,24.65,0,529924,0,NULL),(185,32540234,'123Print',33323,5470,'SAS','active','15% off Address Labels.','','','1A15AL18','2018-08-20 07:00:00.000000','2023-01-01 07:59:00.000000','2020-05-02 13:09:24.872445','2018-08-21 00:26:23.000000','https://www.shareasale.com/u.cfm?d=529915&m=76729&u=ACTID','http://www.123print.com/office-stationery/labels/return-address-labels.aspx?incomingcode=1A15AL18','','','http://fmtc.co/32540234/5cf2b393a1a8ad0610a32571bd98c573','',0,0,0,15,0,24.65,0,529915,0,NULL),(186,32540238,'123Print',33323,5470,'SAS','active','15% off Invitations and Announcements.','','','1A15IA18','2018-08-20 07:00:00.000000','2023-01-01 07:59:00.000000','2020-05-02 13:09:25.351882','2018-08-21 00:26:34.000000','https://www.shareasale.com/u.cfm?d=529892&m=76729&u=ACTID','http://www.123print.com/invitations-announcements/landing-page.aspx?incomingcode=1A15IA18','','','http://fmtc.co/32540238/5cf2b393a1a8ad0610a32571bd98c573','',0,0,0,15,0,24.65,0,529892,0,NULL),(187,32540242,'123Print',33323,5470,'SAS','active','15% off Post-It Notes.','','','1A15OFFPN8','2018-08-20 07:00:00.000000','2023-01-01 07:59:00.000000','2020-05-02 13:09:25.945097','2018-08-21 00:26:41.000000','https://www.shareasale.com/u.cfm?d=529883&m=76729&u=ACTID','http://www.123print.com/marketing/post-it-notes/landing-page.aspx?incomingcode=1A15OFFPN8','','','http://fmtc.co/32540242/5cf2b393a1a8ad0610a32571bd98c573','',0,0,0,15,0,24.65,0,529883,0,NULL),(188,32540245,'123Print',33323,5470,'SAS','active','15% off Marketing Materials.','','','1A15MM18','2018-08-20 07:00:00.000000','2023-01-01 07:59:00.000000','2020-05-02 13:09:26.380903','2018-08-21 00:26:54.000000','https://www.shareasale.com/u.cfm?d=529946&m=76729&u=ACTID','http://www.123print.com/marketing/landing-page.aspx?incomingcode=1A15MM18','','','http://fmtc.co/32540245/5cf2b393a1a8ad0610a32571bd98c573','',0,0,0,15,0,24.65,0,529946,0,NULL),(189,33504764,'123Print',33323,5470,'SAS','active','15% off Calendars.','','','1A15C18','2018-12-18 08:00:00.000000','2023-01-01 07:59:00.000000','2020-05-02 13:09:27.162351','2018-12-18 20:21:03.000000','https://www.shareasale.com/u.cfm?d=563603&m=76729&u=ACTID','http://www.123print.com/marketing/calendars.aspx?incomingcode=1A15C18','','','http://fmtc.co/33504764/5cf2b393a1a8ad0610a32571bd98c573','',0,0,0,15,0,24.65,0,563603,0,NULL),(190,33716768,'123Print',33323,5470,'SAS','active','15% off any order.','','','1FMTC','2019-01-25 08:00:00.000000','2020-01-26 07:59:00.000000','2020-05-02 13:09:27.699571','2019-01-25 16:30:53.000000','https://shareasale.com/r.cfm?b=1126283&u=ACTID&m=76729&urllink=','https://www.123print.com/','','','http://fmtc.co/33716768/5cf2b393a1a8ad0610a32571bd98c573','',0,0,0,15,0,24.65,0,0,0,NULL),(191,32559495,'1-888-GO-ANSWER',34516,32447,'SAS','active','30-Day Risk Free Trial on Answering Services.','','','','2018-08-22 07:00:00.000000','2050-12-31 23:59:59.000000','2020-05-02 13:09:27.933825','2018-08-23 02:25:07.000000','https://shareasale.com/r.cfm?b=1174363&u=ACTID&m=79529&urllink=','http://www.1888goanswer.com','','','http://fmtc.co/32559495/5cf2b393a1a8ad0610a32571bd98c573','',0,0,0,0,0,7,0,0,0,NULL),(192,32559496,'1-888-GO-ANSWER',34516,32447,'SAS','active','30-day Risk Free Trial on Legal Services.','','','','2018-08-22 07:00:00.000000','2050-12-31 23:59:59.000000','2020-05-02 13:09:28.302300','2018-08-23 02:25:38.000000','https://shareasale.com/r.cfm?b=1174363&u=ACTID&m=79529&urllink=','http://www.1888goanswer.com','','','http://fmtc.co/32559496/5cf2b393a1a8ad0610a32571bd98c573','',0,0,0,0,0,7,0,0,0,NULL),(193,33720934,'10 Store',35146,32985,'AW','active','Free UK Returns.','','','','2019-01-28 08:00:00.000000','2019-12-31 23:59:00.000000','2020-05-02 13:09:29.838966','2019-01-28 17:16:01.000000','https://www.awin1.com/cread.php?awinaffid=ACTID&awinmid=15446&p=%5B%5Bhttps%3A%2F%2F10store.com%5D%5D','https://10store.com/','','','http://fmtc.co/33720934/5cf2b393a1a8ad0610a32571bd98c573','',0,0,0,0,0,7,0,0,0,NULL),(194,32820617,'#GETFLOATY',35411,33202,'SAS','active','Free US Shipping on  $70+ Orders.','','','','2018-09-21 07:00:00.000000','2050-12-31 23:59:59.000000','2020-05-02 13:09:30.798066','2018-09-21 22:26:32.000000','https://www.shareasale.com/u.cfm?d=528119&m=81358&u=ACTID','https://kololo.co','','','http://fmtc.co/32820617/5cf2b393a1a8ad0610a32571bd98c573','',0,0,0,0,70,20.086,0,528119,0,NULL),(195,32988824,'#GETFLOATY',35411,33202,'SAS','active','Shop Collection of Inflatable Pool Toys - Beautiful Curves and Vibrant Colors.','','','','2018-10-13 07:00:00.000000','2050-12-31 23:59:59.000000','2020-05-02 13:09:31.610486','2018-10-14 00:25:36.000000','https://www.shareasale.com/r.cfm?b=1227123&u=ACTID&m=81358&urllink=','https://getfloaty.com/collections/collection','','','http://fmtc.co/32988824/5cf2b393a1a8ad0610a32571bd98c573','',0,0,0,0,0,5,0,1227123,0,NULL),(196,32988832,'#GETFLOATY',35411,33202,'SAS','active','Shop Collection of Magical Creatures of All Shapes and Sizes.','','','','2018-10-13 07:00:00.000000','2050-12-31 23:59:59.000000','2020-05-02 13:09:32.445275','2018-10-14 00:27:39.000000','https://www.shareasale.com/r.cfm?b=1227128&u=ACTID&m=81358&urllink=','https://getfloaty.com/collections/magical','','','http://fmtc.co/32988832/5cf2b393a1a8ad0610a32571bd98c573','',0,0,0,0,0,5,0,1227128,0,NULL),(197,32988838,'#GETFLOATY',35411,33202,'SAS','active','The Original Unicorn Floaty Was: $99 Now: $59.','','','','2018-10-13 07:00:00.000000','2050-12-31 23:59:59.000000','2020-05-02 13:09:33.137514','2018-10-14 00:28:44.000000','https://www.shareasale.com/r.cfm?b=1227130&u=ACTID&m=81358&urllink=','https://getfloaty.com/collections/magical/products/inflatable-unicorn-pool-float','','','http://fmtc.co/32988838/5cf2b393a1a8ad0610a32571bd98c573','',59,99,40,40,0,12.4,0,1227130,0,NULL),(198,32988841,'#GETFLOATY',35411,33202,'SAS','active','Shop Super Chic Marble Float Collection Fit for the Gods.','','','','2018-10-13 07:00:00.000000','2050-12-31 23:59:59.000000','2020-05-02 13:09:33.916918','2018-10-14 00:29:31.000000','https://www.shareasale.com/r.cfm?b=1227132&u=ACTID&m=81358&urllink=','https://getfloaty.com/collections/marble','','','http://fmtc.co/32988841/5cf2b393a1a8ad0610a32571bd98c573','',0,0,0,0,0,5,0,1227132,0,NULL),(199,32988846,'#GETFLOATY',35411,33202,'SAS','active','Shop Giant Inflatable Sea Shells.','','','','2018-10-13 07:00:00.000000','2050-12-31 23:59:59.000000','2020-05-02 13:09:35.285459','2018-10-14 00:30:19.000000','https://www.shareasale.com/r.cfm?b=1227136&u=ACTID&m=81358&urllink=','https://getfloaty.com/collections/mermaid','','','http://fmtc.co/32988846/5cf2b393a1a8ad0610a32571bd98c573','',0,0,0,0,0,5,0,1227136,0,NULL),(200,32988853,'#GETFLOATY',35411,33202,'SAS','active','Free Shipping on Pastel Pink Seashell.','','','','2018-10-13 07:00:00.000000','2050-12-31 23:59:59.000000','2020-05-02 13:09:35.942603','2018-10-14 00:31:10.000000','https://www.shareasale.com/r.cfm?b=1227137&u=ACTID&m=81358&urllink=','https://getfloaty.com/collections/mermaid/products/floaty-pink-seashell','','','http://fmtc.co/32988853/5cf2b393a1a8ad0610a32571bd98c573','',0,0,0,0,0,20,0,1227137,0,NULL),(201,32988863,'#GETFLOATY',35411,33202,'SAS','active','Free Shipping on Baby Blue Seashell.','','','','2018-10-13 07:00:00.000000','2050-12-31 23:59:59.000000','2020-05-02 13:09:36.867433','2018-10-14 00:31:55.000000','https://www.shareasale.com/r.cfm?b=1227138&u=ACTID&m=81358&urllink=','https://getfloaty.com/collections/mermaid/products/floaty-big-blue-inflatable-seashell','','','http://fmtc.co/32988863/5cf2b393a1a8ad0610a32571bd98c573','',0,0,0,0,0,20,0,1227138,0,NULL),(202,33010144,'#GETFLOATY',35411,33202,'SAS','active','Giant Unicorn Floaty Was: $99 Now: $59.','','','','2018-10-16 07:00:00.000000','2050-12-31 23:59:59.000000','2020-05-02 13:09:37.680445','2018-10-17 02:00:56.000000','https://www.shareasale.com/u.cfm?d=545074&m=81358&u=ACTID','http://getfloaty.com/collections/collection/products/inflatable-unicorn-pool-float','','','http://fmtc.co/33010144/5cf2b393a1a8ad0610a32571bd98c573','',59,99,40,40,0,12.4,0,545074,0,NULL),(203,33843312,'#GETFLOATY',35411,33202,'SAS','active','Shop Hello Kitty Floaties.','','','','2019-03-14 07:00:00.000000','2050-12-31 23:59:59.000000','2020-05-02 13:09:38.303678','2019-03-14 12:54:09.000000','https://www.shareasale.com/r.cfm?b=1335146&u=ACTID&m=81358&urllink=','https://getfloaty.com/collections/hello-kitty','','','http://fmtc.co/33843312/5cf2b393a1a8ad0610a32571bd98c573','',0,0,0,0,0,5,0,1335146,0,NULL),(204,33707438,'\'47Brand',35828,33537,'SAS','active','20% off NBA Gear.','','','','2019-01-22 08:00:00.000000','2050-12-31 23:59:59.000000','2020-05-02 13:09:39.098194','2019-01-23 01:45:02.000000','https://www.shareasale.com/r.cfm?b=1310112&u=ACTID&m=83500&urllink=','https://www.47brand.com/pages/nba-clp','','','http://fmtc.co/33707438/5cf2b393a1a8ad0610a32571bd98c573','',0,0,0,20,0,13.2,0,1310112,0,NULL),(205,33712538,'10 All Access AU',36412,34002,'IR','active','Join Now and Get 1 Month Free.','','','','2019-01-24 08:00:00.000000','2050-12-31 23:59:59.000000','2020-05-02 13:09:39.710813','2019-01-24 13:22:28.000000','https://ten-all-access.qodh.net/c/ACTID/569944/9080','http://tenallaccess.com.au','','','http://fmtc.co/33712538/5cf2b393a1a8ad0610a32571bd98c573','',0,0,0,0,0,10,0,569944,0,NULL),(206,33853752,'10 All Access AU',36412,34002,'IR','active','Stream the Entire Series of Blue Bloods - Join Now and Get 1 Month Free and Only $9.99/month After.','','','','2019-03-18 07:00:00.000000','2050-12-31 23:59:59.000000','2020-05-02 13:09:39.967523','2019-03-19 05:24:08.000000','https://ten-all-access.qodh.net/c/ACTID/588394/9080','http://tenallaccess.com.au','','','http://fmtc.co/33853752/5cf2b393a1a8ad0610a32571bd98c573','',9.99,0,0,0,0,15.5,0,588394,0,NULL),(207,33853757,'10 All Access AU',36412,34002,'IR','active','Access All the Drama and Watch the Latest Season of Neighbours Now: $9.99/month - Join Now and Get 1 Month Free.','','','','2019-03-18 07:00:00.000000','2050-12-31 23:59:59.000000','2020-05-02 13:09:40.368410','2019-03-19 05:25:28.000000','https://ten-all-access.qodh.net/c/ACTID/588348/9080','http://tenallaccess.com.au','','','http://fmtc.co/33853757/5cf2b393a1a8ad0610a32571bd98c573','',9.99,0,0,0,0,15.5,0,588348,0,NULL),(208,35286123,'10 All Access AU',36412,34002,'IR','active','Stream the Entire Why Women Kill Now: $9.99/month - Join Now and Get 1 Month.','','','','2019-08-15 07:00:00.000000','2019-10-31 06:59:00.000000','2020-05-02 13:09:40.569101','2019-08-15 14:05:55.000000','https://ten-all-access.qodh.net/c/ACTID/656497/9080','http://tenallaccess.com.au','','','http://fmtc.co/35286123/5cf2b393a1a8ad0610a32571bd98c573','',9.99,0,0,0,0,7,0,656497,0,NULL),(209,35323157,'10 All Access AU',36412,34002,'IR','active','Stream Your Favourite Shows Like Ambulance Australia - Join Now and Get 1 Month Free.','','','','2019-08-19 07:00:00.000000','2019-11-01 06:59:00.000000','2020-05-02 13:09:40.902687','2019-08-19 13:37:35.000000','https://ten-all-access.qodh.net/c/ACTID/659643/9080','http://tenallaccess.com.au','','','http://fmtc.co/35323157/5cf2b393a1a8ad0610a32571bd98c573','',9.99,0,0,0,0,7,0,659643,0,NULL),(210,35387941,'10 All Access AU',36412,34002,'IR','active','Join Now and Get 1 Month Free Trial: Stream Episodes of Beverly Hills, 90210.','','','','2019-08-26 07:00:00.000000','2019-11-01 06:59:00.000000','2020-05-02 13:09:41.717571','2019-08-27 01:17:31.000000','https://ten-all-access.qodh.net/c/ACTID/663892/9080','http://tenallaccess.com.au','','','http://fmtc.co/35387941/5cf2b393a1a8ad0610a32571bd98c573','',9.99,0,0,0,0,15.5,0,663892,0,NULL),(211,34612779,'2x2 Cycles',36883,34376,'AL','active','Save on Sale Products.','','','','2019-06-27 07:00:00.000000','2050-12-31 23:59:59.000000','2020-05-02 13:09:42.251890','2019-06-27 12:39:50.000000','http://www.avantlink.com/click.php?tt=ml&ti=686605&pw=ACTID','https://2x2cycles.com/','','','http://fmtc.co/34612779/5cf2b393a1a8ad0610a32571bd98c573','',0,0,0,0,0,13,0,686605,0,NULL),(212,33996186,'123 Flowers UK',37254,34670,'AW','active','Free Delivery.','','','','2019-05-07 07:00:00.000000','2050-12-31 23:59:59.000000','2020-05-02 13:09:42.686174','2019-05-08 00:52:42.000000','http://www.awin1.com/cread.php?v=16223&t=ACTID&p=https%3A%2F%2Fwww.123-flowers.co.uk%2F','https://www.123-flowers.co.uk/','','','http://fmtc.co/33996186/5cf2b393a1a8ad0610a32571bd98c573','',0,0,0,0,0,20,0,0,0,NULL),(213,34455562,'1001 Optical',37881,35197,'CF','active','10% off Acuvue.','','','acuvue10','2019-06-14 07:00:00.000000','2050-12-31 23:59:59.000000','2020-05-02 13:09:43.088012','2019-06-15 00:04:11.000000','https://t.cfjump.com/ACTID/c/66591','https://www.1001optical.com.au/sunglasses-glasses-sale/acuvue-contact-lenses-sale','','','http://fmtc.co/34455562/5cf2b393a1a8ad0610a32571bd98c573','',0,0,0,10,0,24.6,0,66591,0,NULL),(214,34459349,'1001 Optical',37881,35197,'CF','active','10% off any order with Email Sign Up.','','','SHOP10','2019-06-15 07:00:00.000000','2050-12-31 23:59:59.000000','2020-05-02 13:09:43.634299','2019-06-15 15:00:28.000000','https://t.cfjump.com/ACTID/c/65722','https://www.1001optical.com.au/','','','http://fmtc.co/34459349/5cf2b393a1a8ad0610a32571bd98c573','',0,0,0,10,0,24.4,0,65722,0,NULL),(215,34937135,'1001 Optical',37881,35197,'CF','active','50% off Sale items.','','','','2019-07-10 07:00:00.000000','2019-09-30 12:59:59.000000','2020-05-02 13:09:44.980401','2019-07-10 14:11:13.000000','https://t.cfjump.com/ACTID/o/56313','https://www.1001optical.com.au/sunglasses-glasses-sale/mid-year-sale-50-off','','','http://fmtc.co/34937135/5cf2b393a1a8ad0610a32571bd98c573','',0,0,0,50,0,13.5,0,56313,0,NULL),(216,35461883,'1001 Optical',37881,35197,'CF','active','Spring - 20% off Frames and Sunglasses.','','','SPRING20','2019-09-04 07:00:00.000000','2019-09-30 12:59:00.000000','2020-05-02 13:09:45.581844','2019-09-04 10:27:21.000000','https://t.cfjump.com/ACTID/c/70762','https://www.1001optical.com.au/sunglasses-glasses-sale/eyewear-sale','','','http://fmtc.co/35461883/5cf2b393a1a8ad0610a32571bd98c573','',0,0,0,20,0,24.7,0,70762,0,NULL),(217,35046518,'13to24',38057,35344,'LS','active','Get 20% off When You Sign Up.','','','','2019-07-16 07:00:00.000000','2050-12-31 23:59:59.000000','2020-05-02 13:09:46.872471','2019-07-16 13:56:39.000000','https://click.linksynergy.com/fs-bin/click?id=ACTID&offerid=683866.14&type=3&subid=0','https://13to24.com?ranMID=44385','','','http://fmtc.co/35046518/5cf2b393a1a8ad0610a32571bd98c573','',0,0,0,20,0,9.2,0,14,0,NULL),(218,34889567,'1-800 CONTACTS',38142,6,'IR','active','New Customers: 20% off $150 and Free Shipping.','','','','2019-08-27 00:01:00.000000','2019-10-01 07:00:00.000000','2020-05-02 13:09:47.417762','2019-07-08 22:34:01.000000','https://1-800contacts.2cw9.net/c/ACTID/622284/9944','http://www.1800contacts.com/?&ac=8.general&rb=AFF20OFF&hideOuterstitial=true','','','http://fmtc.co/34889567/5cf2b393a1a8ad0610a32571bd98c573','',0,0,0,20,0,20.2,0,622284,0,NULL),(219,34889581,'1-800 CONTACTS',38142,6,'IR','active','New Customers: $45 off $200 and Free Shipping.','','','','2019-08-27 00:01:00.000000','2019-10-01 07:00:00.000000','2020-05-02 13:09:48.043234','2019-07-08 22:34:55.000000','https://1-800contacts.2cw9.net/c/ACTID/622375/9944','http://www.1800contacts.com/?&ac=8.general&rb=aff45off200&hideOuterstitial=true','','','http://fmtc.co/34889581/5cf2b393a1a8ad0610a32571bd98c573','',0,0,45,0,0,20.225,0,622375,0,NULL),(220,34889610,'1-800 CONTACTS',38142,6,'IR','active','Match Any Price on Contact Lenses.','','','','2019-08-26 23:57:11.000000','2050-12-31 23:59:59.000000','2020-05-02 13:09:48.454680','2019-07-08 22:35:44.000000','https://1-800contacts.2cw9.net/c/ACTID/622379/9944','http://1800contacts.com/?ac=8.general&hideOuterstitial=true','','','http://fmtc.co/34889610/5cf2b393a1a8ad0610a32571bd98c573','',0,0,0,0,0,7,0,622379,0,NULL),(221,35387368,'1-800 CONTACTS',38142,6,'IR','active','$45 off Orders Over $200 and Free Shipping.','','','','2019-08-27 00:01:00.000000','2019-10-01 07:00:00.000000','2020-05-02 13:09:49.160170','2019-08-26 23:54:26.000000','https://1-800contacts.2cw9.net/c/ACTID/635182/9944','http://www.1800contacts.com/?ac=8.cartera&rb=aff45off200&hideOuterstitial=true','','','http://fmtc.co/35387368/5cf2b393a1a8ad0610a32571bd98c573','',0,0,45,0,200,20.285,0,635182,0,NULL),(222,35387586,'1-800 CONTACTS',38142,6,'IR','active','$45 off Orders Over $200 and Free Shipping for New Customers.','','','','2019-08-27 00:01:00.000000','2019-10-01 07:00:00.000000','2020-05-02 13:09:50.087274','2019-08-27 00:31:11.000000','https://1-800contacts.2cw9.net/c/ACTID/647157/9944','http://www.1800contacts.com/?ac=8.viglink&rb=aff45off200&hideOuterstitial=true','','','http://fmtc.co/35387586/5cf2b393a1a8ad0610a32571bd98c573','',0,0,45,0,200,20.285,0,647157,0,NULL),(223,35387596,'1-800 CONTACTS',38142,6,'IR','active','$20 off orders over $180 and Free Shipping.','','','','2019-08-27 00:00:00.000000','2019-10-01 07:00:00.000000','2020-05-02 13:09:50.669935','2019-08-27 00:31:49.000000','https://1-800contacts.2cw9.net/c/ACTID/647158/9944','http://www.1800contacts.com/?ac=8.viglink&rb=aff201018&hideOuterstitial=true','','','http://fmtc.co/35387596/5cf2b393a1a8ad0610a32571bd98c573','',0,0,20,0,180,20.164,0,647158,0,NULL),(224,35387761,'1-800 CONTACTS',38142,6,'IR','active','$20 off $190 and Free Shipping.','','','','2019-08-27 00:00:00.000000','2019-10-01 07:00:00.000000','2020-05-02 13:09:51.161464','2019-08-27 00:55:19.000000','https://1-800contacts.2cw9.net/c/ACTID/639045/9944','http://www.1800contacts.com/?ac=8.globalsavings&rb=aff20off190&hideOuterstitial=true','','','http://fmtc.co/35387761/5cf2b393a1a8ad0610a32571bd98c573','',0,0,20,0,0,20.1,0,639045,0,NULL),(225,35247140,'2000Freebies.com free freebies newsletter',38892,26408,'SAS','active','Get Freebies.','','','','2019-08-10 04:00:00.000000','2050-12-31 23:59:59.000000','2020-05-02 13:09:51.462274','2019-08-10 13:39:53.000000','https://shareasale.com/r.cfm?b=4729&u=ACTID&m=1724&urllink=www%2E2000freebies%2Ecom%2F','https://www.2000freebies.com/','','','http://fmtc.co/35247140/5cf2b393a1a8ad0610a32571bd98c573','',0,0,0,0,0,7,0,0,0,NULL),(226,35340021,'30A Gear',39343,36380,'SAS','active','Subscribe to the Free Newsletter to Receive Exclusive Offers.','','','','2019-08-21 07:00:00.000000','2050-12-31 23:59:59.000000','2020-05-02 13:09:52.931831','2019-08-21 23:51:45.000000','https://shareasale.com/r.cfm?b=1410601&u=ACTID&m=91231&urllink=https%3A%2F%2Fwww.30agear.com%2F','https://www.30agear.com/','','','http://fmtc.co/35340021/5cf2b393a1a8ad0610a32571bd98c573','',0,0,0,0,0,7,0,0,0,NULL),(227,35386878,'1800Gear.com',39501,36499,'AL','active','Subscribe to the Newsletter.','','','','2019-08-26 07:00:00.000000','2050-12-31 23:59:59.000000','2020-05-02 13:09:56.267768','2019-08-26 21:32:42.000000','https://www.avantlink.com/click.php?tt=ml&ti=611315&pw=ACTID&url=https%3A%2F%2F1800gear.com%2F','https://1800gear.com/','','','http://fmtc.co/35386878/5cf2b393a1a8ad0610a32571bd98c573','',0,0,0,0,0,7,0,611315,0,NULL),(228,35404019,'0cm',39545,30300,'ALA','active','Up to 80% off Clothing, Shoes, Handbags, Jewelry and More + Free Worldwide Delivery and Returns.','','','','2019-08-27 14:00:00.000000','2050-12-31 23:59:59.000000','2020-05-02 13:48:47.572411','2019-08-29 02:05:10.000000','https://www.avantlink.com.au/click.php?tt=ml&ti=693217&pw=ACTID','https://www.0cm.com/?avad=175898_b16deaf75','','','http://fmtc.co/35404019/5cf2b393a1a8ad0610a32571bd98c573','',0,0,0,80,0,21.8,0,693217,1,NULL),(229,35404022,'0cm',39545,30300,'ALA','active','Up to 80% off Women&apos;s, Men&apos;s, Kids&apos; and Home + Free Worldwide Delivery and Returns.','','','','2019-08-27 14:00:00.000000','2050-12-31 23:59:59.000000','2020-05-02 13:48:05.487557','2019-08-29 02:05:58.000000','https://www.avantlink.com.au/click.php?tt=ml&ti=693221&pw=ACTID','https://www.0cm.com/?avad=175898_e16dd9a79','','','http://fmtc.co/35404022/5cf2b393a1a8ad0610a32571bd98c573','',0,0,0,80,0,21.8,0,693221,1,NULL),(230,35404024,'0cm',39545,30300,'ALA','active','Up to 80% off Exclusive Designer Brands + Free Worldwide Delivery and Returns.','','','','2019-08-27 14:00:00.000000','2050-12-31 23:59:59.000000','2020-05-02 13:45:38.149560','2019-08-29 02:06:30.000000','https://www.avantlink.com.au/click.php?tt=ml&ti=693225&pw=ACTID','https://www.0cm.com/?avad=175898_a16ded4f9','','','http://fmtc.co/35404024/5cf2b393a1a8ad0610a32571bd98c573','',0,0,0,80,0,21.8,0,693225,1,NULL),(231,35417668,'0cm',39545,30300,'ALA','active','Up to 80% off New Collections + Free Worldwide Delivery and Return.','','','','2019-08-28 14:00:00.000000','2050-12-31 23:59:59.000000','2020-05-02 13:45:26.209825','2019-08-30 01:32:21.000000','https://www.avantlink.com.au/click.php?tt=ml&ti=693229&pw=ACTID','https://www.0cm.com/?avad=175898_a16e1e225','','','http://fmtc.co/35417668/5cf2b393a1a8ad0610a32571bd98c573','',0,0,0,80,0,20.8,0,693229,1,NULL);
/*!40000 ALTER TABLE `coupon` ENABLE KEYS */;
UNLOCK TABLES;

--
-- Table structure for table `coupon_aBrands`
--

DROP TABLE IF EXISTS `coupon_aBrands`;
/*!40101 SET @saved_cs_client     = @@character_set_client */;
/*!40101 SET character_set_client = utf8 */;
CREATE TABLE `coupon_aBrands` (
  `id` int(11) NOT NULL AUTO_INCREMENT,
  `coupon_id` int(11) NOT NULL,
  `brand_id` int(11) NOT NULL,
  PRIMARY KEY (`id`),
  UNIQUE KEY `coupon_aBrands_coupon_id_brand_id_6585c1b4_uniq` (`coupon_id`,`brand_id`),
  KEY `coupon_aBrands_brand_id_9c7630bd_fk_brands_id` (`brand_id`),
  CONSTRAINT `coupon_aBrands_brand_id_9c7630bd_fk_brands_id` FOREIGN KEY (`brand_id`) REFERENCES `brands` (`id`),
  CONSTRAINT `coupon_aBrands_coupon_id_c549b1c0_fk_coupon_id` FOREIGN KEY (`coupon_id`) REFERENCES `coupon` (`id`)
) ENGINE=InnoDB DEFAULT CHARSET=latin1;
/*!40101 SET character_set_client = @saved_cs_client */;

--
-- Dumping data for table `coupon_aBrands`
--

LOCK TABLES `coupon_aBrands` WRITE;
/*!40000 ALTER TABLE `coupon_aBrands` DISABLE KEYS */;
/*!40000 ALTER TABLE `coupon_aBrands` ENABLE KEYS */;
UNLOCK TABLES;

--
-- Table structure for table `coupon_aCategoriesV2`
--

DROP TABLE IF EXISTS `coupon_aCategoriesV2`;
/*!40101 SET @saved_cs_client     = @@character_set_client */;
/*!40101 SET character_set_client = utf8 */;
CREATE TABLE `coupon_aCategoriesV2` (
  `id` int(11) NOT NULL AUTO_INCREMENT,
  `coupon_id` int(11) NOT NULL,
  `couponcategories_id` int(11) NOT NULL,
  PRIMARY KEY (`id`),
  UNIQUE KEY `coupon_aCategoriesV2_coupon_id_couponcategories_id_af54f046_uniq` (`coupon_id`,`couponcategories_id`),
  KEY `coupon_aCategoriesV2_couponcategories_id_21ccddc9_fk_coupon_ca` (`couponcategories_id`),
  CONSTRAINT `coupon_aCategoriesV2_coupon_id_ed8077ad_fk_coupon_id` FOREIGN KEY (`coupon_id`) REFERENCES `coupon` (`id`),
  CONSTRAINT `coupon_aCategoriesV2_couponcategories_id_21ccddc9_fk_coupon_ca` FOREIGN KEY (`couponcategories_id`) REFERENCES `coupon_categories` (`id`)
) ENGINE=InnoDB AUTO_INCREMENT=689 DEFAULT CHARSET=latin1;
/*!40101 SET character_set_client = @saved_cs_client */;

--
-- Dumping data for table `coupon_aCategoriesV2`
--

LOCK TABLES `coupon_aCategoriesV2` WRITE;
/*!40000 ALTER TABLE `coupon_aCategoriesV2` DISABLE KEYS */;
INSERT INTO `coupon_aCategoriesV2` VALUES (1,1,1),(2,1,2),(3,1,3),(4,2,1),(5,2,2),(6,2,3),(7,3,1),(8,3,2),(9,3,3),(10,4,4),(11,4,5),(12,4,6),(13,4,7),(14,5,4),(15,5,5),(16,6,4),(17,6,5),(18,6,6),(19,6,7),(20,7,4),(21,7,5),(22,8,4),(23,8,5),(24,9,8),(25,9,9),(26,9,10),(27,10,8),(29,10,9),(32,10,10),(28,10,11),(30,10,12),(31,10,13),(33,11,8),(34,11,9),(37,11,10),(35,11,12),(36,11,13),(38,12,14),(39,12,15),(40,12,16),(41,13,14),(42,13,15),(44,13,16),(43,13,17),(45,14,15),(47,14,16),(46,14,17),(48,15,18),(49,15,19),(53,16,15),(50,16,20),(51,16,21),(52,16,22),(57,17,15),(54,17,20),(55,17,21),(56,17,22),(59,18,15),(58,18,20),(60,19,12),(61,19,13),(62,20,23),(63,21,23),(64,21,24),(65,22,23),(66,22,25),(67,23,23),(68,24,23),(69,25,23),(70,25,25),(73,26,6),(71,26,23),(72,26,25),(74,26,26),(75,27,23),(76,27,25),(77,28,23),(78,28,25),(79,29,27),(80,29,28),(81,30,27),(83,30,28),(82,30,29),(84,31,27),(85,31,29),(86,32,1),(89,32,15),(87,32,30),(88,32,31),(90,32,32),(91,32,33),(92,32,34),(93,33,1),(96,33,15),(94,33,30),(95,33,31),(97,33,32),(98,33,33),(99,33,34),(100,34,15),(101,34,32),(102,35,15),(103,35,32),(104,36,15),(105,36,32),(106,37,15),(107,37,16),(109,38,15),(108,38,21),(110,38,32),(112,39,15),(111,39,21),(113,39,32),(115,40,15),(114,40,21),(116,40,32),(117,41,15),(118,41,32),(119,42,15),(121,42,16),(120,42,17),(122,43,15),(123,43,16),(124,43,35),(125,43,36),(126,44,15),(128,44,16),(127,44,37),(129,45,15),(132,45,16),(130,45,17),(131,45,37),(133,46,15),(136,46,16),(134,46,17),(135,46,37),(137,47,15),(140,47,16),(138,47,17),(139,47,37),(141,48,15),(142,49,15),(143,50,15),(144,51,4),(145,51,38),(146,51,39),(147,52,18),(148,53,8),(152,53,15),(150,53,21),(149,53,31),(153,53,33),(151,53,40),(154,53,41),(155,55,12),(156,55,13),(157,56,15),(158,57,8),(159,57,9),(160,57,34),(161,57,42),(162,57,43),(163,57,44),(164,58,8),(165,58,9),(166,59,8),(167,59,9),(168,60,41),(171,61,15),(169,61,21),(170,61,40),(172,62,15),(173,62,37),(176,63,15),(178,63,17),(174,63,23),(175,63,25),(177,63,45),(179,64,15),(181,64,17),(180,64,45),(182,65,15),(184,65,17),(183,65,45),(185,66,15),(187,66,17),(186,66,45),(188,67,15),(190,67,17),(189,67,45),(191,68,15),(193,68,17),(192,68,45),(194,69,31),(196,69,41),(195,69,46),(197,69,47),(198,70,31),(200,70,41),(199,70,46),(201,70,47),(202,71,31),(203,71,46),(204,72,41),(205,72,47),(206,73,41),(207,73,47),(208,74,28),(209,74,48),(210,75,28),(211,75,48),(212,76,28),(213,76,48),(214,77,43),(215,77,44),(217,78,15),(218,78,33),(216,78,49),(219,79,49),(220,80,15),(221,80,33),(222,81,15),(223,81,33),(224,82,15),(225,82,33),(226,83,15),(227,83,32),(230,84,15),(231,84,33),(228,84,49),(229,84,50),(232,84,51),(233,85,15),(234,85,32),(235,86,49),(236,86,50),(237,86,51),(238,87,1),(239,87,2),(240,87,3),(241,88,1),(242,88,2),(243,88,3),(244,89,1),(245,89,2),(246,89,3),(248,90,12),(247,90,20),(249,91,12),(250,91,52),(251,92,12),(252,92,53),(253,93,50),(254,93,54),(257,94,12),(255,94,49),(256,94,50),(259,94,54),(258,94,55),(262,95,6),(260,95,8),(261,95,56),(263,95,57),(267,96,6),(264,96,8),(265,96,11),(266,96,56),(268,96,57),(269,96,58),(272,97,6),(270,97,8),(271,97,9),(273,97,57),(276,98,6),(274,98,8),(275,98,56),(277,98,57),(280,99,6),(278,99,8),(279,99,56),(281,99,57),(282,100,8),(283,100,56),(286,101,6),(284,101,8),(285,101,56),(287,101,57),(290,102,6),(288,102,8),(289,102,56),(291,102,59),(294,103,6),(292,103,8),(293,103,56),(295,103,59),(298,104,6),(296,104,8),(297,104,56),(299,104,59),(300,105,8),(301,105,56),(302,106,8),(303,106,56),(306,107,6),(304,107,8),(305,107,56),(307,107,57),(310,108,6),(308,108,8),(309,108,56),(311,108,57),(314,109,6),(312,109,8),(313,109,56),(315,109,57),(318,110,6),(316,110,8),(317,110,56),(319,110,57),(322,111,6),(320,111,8),(321,111,56),(323,111,57),(327,112,6),(324,112,8),(325,112,56),(328,112,59),(326,112,60),(331,113,6),(329,113,8),(330,113,56),(332,113,59),(333,114,8),(334,114,56),(335,115,8),(336,115,56),(339,116,6),(337,116,8),(338,116,56),(340,116,59),(343,117,6),(341,117,8),(342,117,56),(344,117,57),(345,118,8),(346,118,56),(347,119,8),(348,119,56),(349,120,8),(350,120,56),(353,121,6),(351,121,8),(352,121,56),(354,121,57),(357,122,6),(355,122,8),(356,122,56),(358,122,57),(359,123,8),(360,123,56),(361,124,56),(362,124,57),(363,125,56),(364,125,57),(367,126,6),(365,126,8),(366,126,56),(368,126,59),(371,127,6),(369,127,8),(370,127,56),(372,127,57),(373,128,8),(374,128,56),(377,129,6),(375,129,8),(376,129,56),(378,129,59),(381,130,6),(379,130,8),(380,130,56),(382,130,59),(385,131,6),(383,131,8),(384,131,56),(386,131,57),(389,132,6),(387,132,8),(388,132,56),(390,132,59),(393,133,6),(391,133,8),(392,133,56),(394,133,57),(397,134,6),(395,134,8),(396,134,56),(398,134,57),(399,135,8),(400,135,56),(403,136,6),(401,136,8),(402,136,56),(404,136,59),(405,137,8),(406,137,56),(410,138,6),(407,138,8),(408,138,56),(411,138,59),(409,138,60),(414,139,6),(412,139,8),(413,139,56),(415,139,57),(418,140,6),(416,140,8),(417,140,56),(419,140,59),(420,141,8),(421,141,56),(424,142,6),(422,142,8),(423,142,56),(425,142,59),(428,143,6),(426,143,8),(427,143,56),(429,143,57),(432,144,6),(430,144,8),(431,144,56),(433,144,57),(436,145,6),(434,145,8),(435,145,56),(437,145,57),(439,146,1),(440,146,2),(441,146,3),(438,146,61),(443,147,1),(444,147,2),(445,147,3),(442,147,61),(447,148,1),(448,148,2),(449,148,3),(446,148,61),(450,149,62),(451,149,63),(452,150,28),(453,151,12),(454,151,52),(455,152,12),(456,152,52),(457,152,53),(458,153,12),(459,153,52),(460,154,12),(461,154,53),(464,155,12),(462,155,49),(463,155,50),(465,155,55),(466,155,64),(467,155,65),(468,156,4),(469,156,5),(470,157,4),(471,157,5),(472,158,4),(473,158,5),(474,159,4),(475,159,5),(477,160,4),(479,160,6),(480,160,26),(476,160,49),(478,160,66),(481,161,18),(482,161,67),(483,162,18),(484,162,68),(485,162,69),(486,163,15),(487,163,37),(488,164,15),(489,164,37),(490,165,15),(491,165,37),(492,166,15),(493,166,37),(494,167,15),(495,167,37),(496,168,15),(497,168,37),(498,169,15),(499,169,37),(500,170,15),(501,170,37),(502,171,15),(503,171,37),(504,172,34),(505,172,70),(506,173,34),(507,173,70),(508,174,34),(509,174,70),(510,175,34),(511,176,34),(512,176,42),(513,177,34),(514,178,34),(515,179,18),(516,179,34),(517,179,42),(518,179,68),(519,180,34),(520,181,4),(521,181,71),(522,182,4),(523,182,71),(525,183,6),(524,183,34),(526,184,34),(527,184,70),(528,185,34),(529,185,42),(530,186,34),(531,186,70),(532,187,34),(533,187,42),(534,188,34),(535,188,42),(536,189,34),(538,189,42),(537,189,70),(539,190,34),(540,190,70),(541,191,18),(542,192,18),(543,193,8),(544,193,9),(549,193,56),(546,193,61),(545,193,72),(547,193,73),(548,193,74),(550,193,75),(551,194,15),(552,194,35),(554,194,41),(553,194,76),(555,194,77),(556,195,15),(557,195,35),(559,195,41),(558,195,76),(560,195,77),(561,196,15),(562,196,35),(564,196,41),(563,196,76),(565,196,77),(566,197,15),(567,197,35),(569,197,41),(568,197,76),(570,197,77),(571,198,15),(572,198,35),(574,198,41),(573,198,76),(575,198,77),(576,199,15),(577,199,35),(579,199,41),(578,199,76),(580,199,77),(581,200,15),(582,200,35),(584,200,41),(583,200,76),(585,200,77),(586,201,15),(587,201,35),(589,201,41),(588,201,76),(590,201,77),(591,202,15),(592,202,35),(594,202,41),(593,202,76),(595,203,43),(596,203,44),(597,203,78),(598,204,8),(599,204,61),(600,204,79),(601,205,80),(602,205,81),(603,206,62),(604,207,62),(605,207,80),(606,208,62),(607,209,62),(608,210,62),(609,210,80),(610,210,82),(611,210,83),(612,211,28),(613,211,48),(614,212,4),(615,212,5),(616,213,12),(617,213,13),(618,214,12),(619,214,13),(620,215,8),(621,215,9),(622,215,10),(623,216,8),(624,216,9),(625,216,10),(626,217,8),(627,217,9),(630,217,12),(631,217,52),(633,217,75),(628,217,79),(629,217,84),(632,217,85),(634,218,12),(635,218,13),(636,219,12),(637,219,13),(638,220,12),(639,220,13),(640,221,12),(641,221,13),(642,222,12),(643,222,13),(644,223,12),(645,223,13),(646,224,12),(647,224,13),(648,225,82),(649,225,83),(651,226,8),(652,226,9),(656,226,15),(650,226,23),(655,226,56),(657,226,58),(653,226,61),(654,226,79),(659,227,8),(660,227,9),(665,227,15),(658,227,23),(673,227,28),(666,227,33),(667,227,35),(669,227,43),(670,227,44),(663,227,56),(674,227,75),(661,227,79),(662,227,84),(664,227,86),(668,227,87),(671,227,88),(672,227,89),(675,227,90),(676,228,8),(677,228,9),(678,228,73),(679,228,74),(680,228,75),(681,229,8),(683,229,56),(684,229,58),(682,229,79),(685,230,8),(686,231,8),(688,231,56),(687,231,79);
/*!40000 ALTER TABLE `coupon_aCategoriesV2` ENABLE KEYS */;
UNLOCK TABLES;

--
-- Table structure for table `coupon_aLocal`
--

DROP TABLE IF EXISTS `coupon_aLocal`;
/*!40101 SET @saved_cs_client     = @@character_set_client */;
/*!40101 SET character_set_client = utf8 */;
CREATE TABLE `coupon_aLocal` (
  `id` int(11) NOT NULL AUTO_INCREMENT,
  `coupon_id` int(11) NOT NULL,
  `local_id` int(11) NOT NULL,
  PRIMARY KEY (`id`),
  UNIQUE KEY `coupon_aLocal_coupon_id_local_id_0c88b936_uniq` (`coupon_id`,`local_id`),
  KEY `coupon_aLocal_local_id_18aea149_fk_local_id` (`local_id`),
  CONSTRAINT `coupon_aLocal_coupon_id_93ca578e_fk_coupon_id` FOREIGN KEY (`coupon_id`) REFERENCES `coupon` (`id`),
  CONSTRAINT `coupon_aLocal_local_id_18aea149_fk_local_id` FOREIGN KEY (`local_id`) REFERENCES `local` (`id`)
) ENGINE=InnoDB DEFAULT CHARSET=latin1;
/*!40101 SET character_set_client = @saved_cs_client */;

--
-- Dumping data for table `coupon_aLocal`
--

LOCK TABLES `coupon_aLocal` WRITE;
/*!40000 ALTER TABLE `coupon_aLocal` DISABLE KEYS */;
/*!40000 ALTER TABLE `coupon_aLocal` ENABLE KEYS */;
UNLOCK TABLES;

--
-- Table structure for table `coupon_aTypes`
--

DROP TABLE IF EXISTS `coupon_aTypes`;
/*!40101 SET @saved_cs_client     = @@character_set_client */;
/*!40101 SET character_set_client = utf8 */;
CREATE TABLE `coupon_aTypes` (
  `id` int(11) NOT NULL AUTO_INCREMENT,
  `coupon_id` int(11) NOT NULL,
  `coupontype_id` int(11) NOT NULL,
  PRIMARY KEY (`id`),
  UNIQUE KEY `coupon_aTypes_coupon_id_coupontype_id_10f7a16e_uniq` (`coupon_id`,`coupontype_id`),
  KEY `coupon_aTypes_coupontype_id_37f65ef6_fk_coupon_type_id` (`coupontype_id`),
  CONSTRAINT `coupon_aTypes_coupon_id_c0a7dde7_fk_coupon_id` FOREIGN KEY (`coupon_id`) REFERENCES `coupon` (`id`),
  CONSTRAINT `coupon_aTypes_coupontype_id_37f65ef6_fk_coupon_type_id` FOREIGN KEY (`coupontype_id`) REFERENCES `coupon_type` (`id`)
) ENGINE=InnoDB AUTO_INCREMENT=522 DEFAULT CHARSET=latin1;
/*!40101 SET character_set_client = @saved_cs_client */;

--
-- Dumping data for table `coupon_aTypes`
--

LOCK TABLES `coupon_aTypes` WRITE;
/*!40000 ALTER TABLE `coupon_aTypes` DISABLE KEYS */;
INSERT INTO `coupon_aTypes` VALUES (1,1,1),(2,2,2),(3,2,3),(4,2,4),(5,2,5),(6,3,2),(7,3,3),(8,3,4),(9,3,5),(10,4,1),(11,5,1),(12,6,1),(13,7,6),(14,7,7),(15,8,1),(16,9,1),(17,10,2),(18,10,3),(19,10,8),(20,11,2),(21,11,3),(22,11,8),(23,12,3),(24,13,4),(25,13,9),(26,14,1),(27,15,1),(29,16,7),(30,16,8),(28,16,10),(31,17,7),(33,18,8),(32,18,10),(34,18,11),(35,19,3),(37,20,4),(36,20,10),(38,20,11),(39,21,3),(41,21,4),(40,21,10),(42,21,11),(43,22,3),(45,22,4),(44,22,10),(46,22,11),(47,23,10),(49,23,11),(48,23,12),(51,24,4),(50,24,10),(52,24,11),(54,25,4),(53,25,10),(55,25,11),(56,26,1),(57,27,1),(59,28,4),(58,28,10),(60,28,11),(61,29,7),(62,30,7),(63,31,7),(64,32,3),(65,32,13),(66,33,12),(67,34,3),(69,34,4),(68,34,10),(70,34,11),(71,35,3),(73,35,4),(72,35,10),(74,35,11),(75,36,3),(77,36,4),(76,36,10),(78,36,11),(80,37,4),(79,37,10),(81,37,11),(82,38,3),(84,38,4),(83,38,10),(85,38,14),(86,39,3),(88,39,4),(87,39,10),(89,39,14),(90,40,3),(92,40,4),(91,40,10),(93,40,14),(94,41,3),(96,41,4),(95,41,10),(97,41,11),(99,42,4),(98,42,10),(100,42,11),(101,43,7),(103,44,4),(102,44,10),(104,44,11),(105,45,2),(106,45,4),(107,45,5),(108,46,2),(109,46,4),(110,46,5),(111,47,2),(112,47,4),(113,47,5),(114,48,7),(115,48,8),(117,49,7),(118,49,8),(116,49,10),(119,50,7),(120,51,2),(122,51,4),(121,51,15),(123,52,1),(124,53,1),(125,54,3),(126,54,10),(127,54,14),(128,55,10),(129,55,11),(130,56,3),(131,56,10),(132,56,14),(133,57,3),(134,57,10),(135,57,14),(136,58,3),(137,58,10),(138,58,14),(139,59,3),(140,59,10),(141,59,14),(142,60,3),(143,60,10),(144,60,14),(145,61,10),(146,61,14),(147,62,3),(148,62,10),(149,62,14),(150,63,3),(151,63,7),(152,64,1),(153,65,1),(154,66,1),(155,67,10),(156,67,11),(157,68,10),(158,68,11),(159,69,10),(160,69,11),(161,70,10),(162,70,11),(163,71,2),(164,71,4),(165,71,5),(166,72,2),(167,72,4),(169,73,4),(168,73,10),(170,73,11),(171,74,1),(172,75,1),(173,76,1),(174,77,3),(175,78,1),(176,79,1),(177,80,1),(178,81,1),(179,82,1),(180,83,10),(181,83,11),(182,84,1),(183,85,1),(184,86,10),(185,86,14),(186,87,3),(187,87,13),(189,88,4),(188,88,10),(190,89,7),(191,90,3),(192,90,13),(193,91,2),(194,91,16),(195,91,17),(196,91,18),(197,92,1),(198,93,7),(199,94,1),(200,95,1),(201,96,1),(202,97,1),(203,98,2),(205,98,5),(204,98,8),(206,99,2),(208,99,5),(207,99,8),(209,100,2),(211,100,5),(210,100,8),(212,101,2),(213,101,4),(214,101,5),(215,102,2),(217,102,5),(216,102,8),(218,103,2),(220,103,5),(219,103,8),(221,104,2),(223,104,5),(222,104,8),(224,105,2),(225,105,4),(226,105,5),(227,106,2),(228,106,4),(229,106,5),(230,107,2),(232,107,5),(231,107,8),(233,108,2),(235,108,5),(234,108,8),(236,109,2),(238,109,5),(237,109,8),(239,110,2),(241,110,5),(240,110,8),(242,111,2),(244,111,5),(243,111,8),(245,112,2),(247,112,5),(246,112,8),(248,113,2),(249,113,4),(250,113,5),(251,114,2),(253,114,5),(252,114,8),(254,115,2),(256,115,5),(255,115,8),(257,116,2),(258,116,4),(259,116,5),(260,117,2),(262,117,5),(261,117,8),(263,118,2),(265,118,5),(264,118,8),(266,119,2),(268,119,5),(267,119,8),(269,120,2),(270,120,4),(271,120,5),(272,121,2),(274,121,5),(273,121,8),(275,122,2),(277,122,5),(276,122,8),(278,123,2),(279,123,4),(280,123,5),(281,124,2),(283,124,5),(282,124,8),(284,125,2),(286,125,5),(285,125,8),(287,126,2),(289,126,5),(288,126,8),(290,127,2),(292,127,5),(291,127,8),(293,128,2),(294,128,4),(295,128,5),(296,129,2),(298,129,5),(297,129,8),(299,130,2),(301,130,5),(300,130,8),(302,131,2),(304,131,5),(303,131,8),(305,132,2),(307,132,5),(306,132,8),(308,133,2),(310,133,5),(309,133,8),(311,134,2),(313,134,5),(312,134,8),(314,135,2),(315,135,4),(316,135,5),(317,136,2),(319,136,5),(318,136,8),(320,137,2),(322,137,5),(321,137,8),(323,138,2),(325,138,5),(324,138,8),(326,139,2),(328,139,5),(327,139,8),(329,140,2),(331,140,5),(330,140,8),(332,141,2),(334,141,5),(333,141,8),(335,142,2),(337,142,5),(336,142,8),(338,143,2),(340,143,5),(339,143,8),(341,144,2),(343,144,5),(342,144,8),(344,145,2),(346,145,5),(345,145,8),(347,146,3),(348,147,2),(349,147,4),(350,148,2),(351,148,4),(352,149,10),(353,149,11),(354,150,10),(355,150,11),(356,151,3),(357,152,16),(358,153,1),(359,154,1),(360,155,10),(361,155,11),(362,156,2),(363,156,4),(364,157,2),(365,157,4),(366,157,5),(367,158,2),(368,158,4),(369,158,5),(371,159,4),(370,159,10),(372,159,11),(373,160,2),(374,160,4),(375,161,7),(376,162,1),(377,163,1),(378,164,1),(379,165,10),(380,165,11),(381,166,10),(382,166,11),(383,167,10),(384,167,11),(385,168,10),(386,168,11),(387,169,10),(388,169,11),(389,170,10),(390,170,11),(391,171,10),(392,171,11),(393,172,2),(394,172,4),(395,172,5),(396,173,2),(397,173,4),(398,173,5),(399,174,2),(400,174,4),(401,175,1),(402,176,1),(403,177,1),(404,178,1),(405,179,1),(406,180,1),(407,181,1),(408,182,1),(409,183,1),(410,184,2),(411,184,4),(412,184,5),(413,185,2),(414,185,4),(415,185,5),(416,186,2),(417,186,4),(418,186,5),(419,187,2),(420,187,4),(421,187,5),(422,188,2),(423,188,4),(424,188,5),(425,189,2),(426,189,4),(427,189,5),(428,190,2),(429,190,4),(430,190,19),(431,191,7),(432,192,7),(433,193,7),(434,194,3),(435,195,1),(436,196,1),(437,197,10),(438,197,14),(439,198,1),(440,199,1),(441,200,3),(442,201,3),(443,202,10),(444,202,14),(445,203,1),(447,204,4),(446,204,10),(448,204,11),(450,205,9),(449,205,16),(451,206,20),(452,207,20),(453,208,7),(454,209,7),(455,210,7),(456,210,20),(457,211,10),(458,211,11),(459,212,3),(460,213,2),(461,213,4),(462,213,5),(463,214,2),(465,214,4),(464,214,7),(466,214,9),(468,215,4),(467,215,10),(469,215,11),(470,216,2),(471,216,4),(472,216,5),(474,217,4),(473,217,7),(475,217,9),(476,218,3),(478,218,4),(479,218,9),(477,218,10),(480,219,3),(482,219,8),(483,219,9),(481,219,10),(484,220,7),(485,221,3),(487,221,8),(486,221,10),(488,222,3),(490,222,8),(491,222,9),(489,222,10),(492,223,3),(494,223,8),(493,223,10),(495,224,3),(497,224,8),(496,224,10),(498,225,7),(499,226,7),(500,227,7),(501,228,3),(504,228,4),(503,228,7),(502,228,10),(505,228,11),(506,228,13),(507,229,3),(510,229,4),(509,229,7),(508,229,10),(511,229,11),(512,229,13),(513,230,3),(516,230,4),(515,230,7),(514,230,10),(517,230,11),(518,230,13),(519,231,3),(521,231,4),(520,231,10);
/*!40000 ALTER TABLE `coupon_aTypes` ENABLE KEYS */;
UNLOCK TABLES;

--
-- Table structure for table `coupon_categories`
--

DROP TABLE IF EXISTS `coupon_categories`;
/*!40101 SET @saved_cs_client     = @@character_set_client */;
/*!40101 SET character_set_client = utf8 */;
CREATE TABLE `coupon_categories` (
  `id` int(11) NOT NULL AUTO_INCREMENT,
  `cName` varchar(250) DEFAULT NULL,
  `nCategoryID` int(11) DEFAULT NULL,
  `nParentID` int(11) DEFAULT NULL,
  `bRestricted` int(11) DEFAULT NULL,
  `created_at` datetime(6) DEFAULT NULL,
  `updated_at` datetime(6) NOT NULL,
  PRIMARY KEY (`id`)
) ENGINE=InnoDB AUTO_INCREMENT=91 DEFAULT CHARSET=latin1;
/*!40101 SET character_set_client = @saved_cs_client */;

--
-- Dumping data for table `coupon_categories`
--

LOCK TABLES `coupon_categories` WRITE;
/*!40000 ALTER TABLE `coupon_categories` DISABLE KEYS */;
INSERT INTO `coupon_categories` VALUES (1,'Computers & Accessories',78,0,0,'2020-05-02 12:14:06.670291','2020-05-02 13:09:03.657293'),(2,'Print, Copy, Scan & Fax',85,78,0,'2020-05-02 12:14:29.747934','2020-05-02 13:09:03.868218'),(3,'Ink',87,85,0,'2020-05-02 12:14:30.024223','2020-05-02 13:09:04.003788'),(4,'Gifts',141,0,0,'2020-05-02 12:14:32.021772','2020-05-02 13:09:42.470404'),(5,'Flowers',142,141,0,'2020-05-02 12:14:32.185475','2020-05-02 13:09:42.612362'),(6,'Holidays & Occasions',256,0,0,'2020-05-02 12:14:32.331294','2020-05-02 13:09:23.748165'),(7,'Valentine\'s Day',287,256,0,'2020-05-02 12:14:32.542368','2020-05-02 13:07:22.812208'),(8,'Clothing & Apparel',2,0,0,'2020-05-02 12:14:34.984969','2020-05-02 13:09:59.327777'),(9,'Accessories',6,2,0,'2020-05-02 12:14:35.117120','2020-05-02 13:09:56.840172'),(10,'Sunglasses',334,6,0,'2020-05-02 12:14:35.250110','2020-05-02 13:09:45.505947'),(11,'Babies & Kids',4,0,0,'2020-05-02 12:14:35.818124','2020-05-02 13:08:18.279707'),(12,'Health & Beauty',148,0,0,'2020-05-02 12:14:36.130395','2020-05-02 13:09:50.944131'),(13,'Contacts & Glasses',150,148,0,'2020-05-02 12:14:36.308575','2020-05-02 13:09:51.087001'),(14,'Charity',16,0,0,'2020-05-02 12:14:37.838993','2020-05-02 13:07:26.975130'),(15,'Household',159,0,0,'2020-05-02 12:14:37.991525','2020-05-02 13:09:54.508865'),(16,'Lighting',165,159,0,'2020-05-02 12:14:38.347513','2020-05-02 13:07:47.002768'),(17,'Furniture',162,159,0,'2020-05-02 12:14:39.050967','2020-05-02 13:08:00.169048'),(18,'B2B',3,0,0,'2020-05-02 12:14:40.043488','2020-05-02 13:09:28.218519'),(19,'Education',75,0,0,'2020-05-02 12:14:40.263842','2020-05-02 13:07:28.256446'),(20,'Green Living (Eco-Friendly)',147,0,0,'2020-05-02 12:14:40.645442','2020-05-02 13:08:13.905521'),(21,'Hardware',156,0,0,'2020-05-02 12:14:40.776766','2020-05-02 13:07:55.011775'),(22,'Building Supplies',157,156,0,'2020-05-02 12:14:40.921353','2020-05-02 13:07:29.513310'),(23,'Animals & Pet Supplies',1,0,0,'2020-05-02 12:14:43.405127','2020-05-02 13:09:53.093362'),(24,'Cat Supplies',12,1,0,'2020-05-02 12:14:44.063008','2020-05-02 13:07:31.340492'),(25,'Dog Supplies',13,1,0,'2020-05-02 12:14:44.664061','2020-05-02 13:07:56.624966'),(26,'Halloween',272,256,0,'2020-05-02 12:14:46.810713','2020-05-02 13:09:11.629637'),(27,'Financial',123,0,0,'2020-05-02 12:14:48.325329','2020-05-02 13:07:35.727754'),(28,'Vehicles & Parts',238,0,0,'2020-05-02 12:14:48.502600','2020-05-02 13:09:55.903420'),(29,'Loans',134,123,0,'2020-05-02 12:14:49.014116','2020-05-02 13:07:35.890648'),(30,'Accessories',91,78,0,'2020-05-02 12:14:50.208429','2020-05-02 13:07:37.204978'),(31,'Consumer Electronics',99,0,0,'2020-05-02 12:14:50.341564','2020-05-02 13:08:02.409189'),(32,'Appliances',160,159,0,'2020-05-02 12:14:50.643301','2020-05-02 13:08:10.208365'),(33,'Kitchen & Dining',164,159,0,'2020-05-02 12:14:50.831989','2020-05-02 13:09:54.654543'),(34,'Office',182,0,0,'2020-05-02 12:14:51.009726','2020-05-02 13:09:27.468373'),(35,'Yard & Garden',168,159,0,'2020-05-02 12:14:58.892646','2020-05-02 13:09:54.799201'),(36,'Lawn & Garden',174,168,0,'2020-05-02 12:14:59.092861','2020-05-02 13:07:44.419594'),(37,'Home Decor',163,159,0,'2020-05-02 12:14:59.707795','2020-05-02 13:09:18.109333'),(38,'Personalized gifts',145,141,0,'2020-05-02 12:15:04.129516','2020-05-02 13:07:48.361872'),(39,'Photo Gifts',146,141,0,'2020-05-02 12:15:04.308692','2020-05-02 13:07:48.428246'),(40,'Tools',158,156,0,'2020-05-02 12:15:05.398641','2020-05-02 13:07:55.152968'),(41,'Toys & Games',218,0,0,'2020-05-02 12:15:05.824174','2020-05-02 13:09:37.582163'),(42,'School Supplies',186,182,0,'2020-05-02 13:07:52.288411','2020-05-02 13:09:27.076237'),(43,'Sporting Goods',193,0,0,'2020-05-02 13:07:52.566151','2020-05-02 13:09:55.210127'),(44,'Outdoor Recreation',209,193,0,'2020-05-02 13:07:52.966848','2020-05-02 13:09:55.344145'),(45,'Bed & Bath',161,159,0,'2020-05-02 13:07:56.970576','2020-05-02 13:07:59.980498'),(46,'Video Game Consoles & Games',111,99,0,'2020-05-02 13:08:00.712445','2020-05-02 13:08:02.538367'),(47,'Video Games',231,218,0,'2020-05-02 13:08:01.201689','2020-05-02 13:08:03.978087'),(48,'Motor Vehicle Parts',240,238,0,'2020-05-02 13:08:04.429201','2020-05-02 13:09:42.166094'),(49,'Food & Gourmet',137,0,0,'2020-05-02 13:08:05.967565','2020-05-02 13:09:11.142268'),(50,'Food & Beverage',138,137,0,'2020-05-02 13:08:09.016335','2020-05-02 13:09:07.444225'),(51,'Beverages',340,138,0,'2020-05-02 13:08:09.483628','2020-05-02 13:08:10.866157'),(52,'Beauty & Cosmetics',149,148,0,'2020-05-02 13:08:14.592852','2020-05-02 13:09:46.464551'),(53,'Personal Care',154,148,0,'2020-05-02 13:08:15.126547','2020-05-02 13:09:06.898255'),(54,'Vitamins & Nutrition',350,138,0,'2020-05-02 13:08:15.628368','2020-05-02 13:08:16.843785'),(55,'Diet & Fitness',151,148,0,'2020-05-02 13:08:16.584659','2020-05-02 13:09:07.720725'),(56,'Women',31,2,0,'2020-05-02 13:08:17.363203','2020-05-02 13:09:59.670628'),(57,'Weddings',289,256,0,'2020-05-02 13:08:17.687636','2020-05-02 13:09:01.244111'),(58,'Baby & Kids',332,2,0,'2020-05-02 13:08:18.793018','2020-05-02 13:09:58.400589'),(59,'Prom',282,256,0,'2020-05-02 13:08:24.388601','2020-05-02 13:08:58.355587'),(60,'Plus',35,31,0,'2020-05-02 13:08:34.084456','2020-05-02 13:08:54.895260'),(61,'Hats',9,6,0,'2020-05-02 13:09:01.432973','2020-05-02 13:09:52.212063'),(62,'Arts & Entertainment',40,0,0,'2020-05-02 13:09:04.402893','2020-05-02 13:09:41.107423'),(63,'Event Tickets',41,40,0,'2020-05-02 13:09:04.580106','2020-05-02 13:09:04.622159'),(64,'Vitamins & Supplements',155,148,0,'2020-05-02 13:09:08.319830','2020-05-02 13:09:08.351412'),(65,'Organic',353,138,0,'2020-05-02 13:09:08.532774','2020-05-02 13:09:08.575828'),(66,'Gift Baskets',143,141,0,'2020-05-02 13:09:11.360482','2020-05-02 13:09:11.391659'),(67,'Medical',251,3,0,'2020-05-02 13:09:12.097114','2020-05-02 13:09:12.139281'),(68,'Advertising & Marketing',247,3,0,'2020-05-02 13:09:12.608800','2020-05-02 13:09:21.850356'),(69,'Retail',252,3,0,'2020-05-02 13:09:13.693402','2020-05-02 13:09:13.808447'),(70,'Supplies',185,182,0,'2020-05-02 13:09:18.786692','2020-05-02 13:09:27.633659'),(71,'Greeting Cards & Stationery',372,141,0,'2020-05-02 13:09:22.753069','2020-05-02 13:09:23.167392'),(72,'Hair Accessories',8,6,0,'2020-05-02 13:09:28.816605','2020-05-02 13:09:28.859901'),(73,'Handbags & Wallets',10,6,0,'2020-05-02 13:09:29.229878','2020-05-02 13:09:57.075423'),(74,'Jewelry',11,6,0,'2020-05-02 13:09:29.406902','2020-05-02 13:09:57.230269'),(75,'Shoes',333,6,0,'2020-05-02 13:09:29.719007','2020-05-02 13:09:57.429861'),(76,'Pool & Spa',175,168,0,'2020-05-02 13:09:30.209876','2020-05-02 13:09:37.449535'),(77,'Toys',224,218,0,'2020-05-02 13:09:30.665468','2020-05-02 13:09:36.781287'),(78,'Boating & Water Sports',210,209,0,'2020-05-02 13:09:38.116232','2020-05-02 13:09:38.159376'),(79,'Men',28,2,0,'2020-05-02 13:09:38.917877','2020-05-02 13:09:59.526898'),(80,'Media',177,0,0,'2020-05-02 13:09:39.314361','2020-05-02 13:09:41.240093'),(81,'Movies',179,177,0,'2020-05-02 13:09:39.490056','2020-05-02 13:09:39.621526'),(82,'Consumer Services',188,0,0,'2020-05-02 13:09:41.394070','2020-05-02 13:09:51.292012'),(83,'Internet Services',191,188,0,'2020-05-02 13:09:41.586933','2020-05-02 13:09:51.398617'),(84,'Underwear & Socks',30,28,0,'2020-05-02 13:09:46.105754','2020-05-02 13:09:53.771364'),(85,'Fragrance & Cologne',152,148,0,'2020-05-02 13:09:46.607665','2020-05-02 13:09:46.649792'),(86,'Underwear & Socks',36,31,0,'2020-05-02 13:09:54.239354','2020-05-02 13:09:54.281453'),(87,'Luggage & Bags',176,0,0,'2020-05-02 13:09:55.030763','2020-05-02 13:09:55.072633'),(88,'Fishing',214,209,0,'2020-05-02 13:09:55.475667','2020-05-02 13:09:55.585325'),(89,'Hunting & Shooting',216,209,0,'2020-05-02 13:09:55.720972','2020-05-02 13:09:55.763830'),(90,'Backpacks',378,176,0,'2020-05-02 13:09:56.144894','2020-05-02 13:09:56.176718');
/*!40000 ALTER TABLE `coupon_categories` ENABLE KEYS */;
UNLOCK TABLES;

--
-- Table structure for table `coupon_edit_start`
--

DROP TABLE IF EXISTS `coupon_edit_start`;
/*!40101 SET @saved_cs_client     = @@character_set_client */;
/*!40101 SET character_set_client = utf8 */;
CREATE TABLE `coupon_edit_start` (
  `id` int(11) NOT NULL AUTO_INCREMENT,
  `start_time` datetime(6) DEFAULT NULL,
  `created_at` datetime(6) DEFAULT NULL,
  `updated_at` datetime(6) NOT NULL,
  `coupon_id` int(11) DEFAULT NULL,
  `created_by_id` int(11) DEFAULT NULL,
  PRIMARY KEY (`id`),
  KEY `coupon_edit_start_coupon_id_283f1ecc_fk_coupon_id` (`coupon_id`),
  KEY `coupon_edit_start_created_by_id_1495743f_fk_auth_user_id` (`created_by_id`),
  CONSTRAINT `coupon_edit_start_coupon_id_283f1ecc_fk_coupon_id` FOREIGN KEY (`coupon_id`) REFERENCES `coupon` (`id`),
  CONSTRAINT `coupon_edit_start_created_by_id_1495743f_fk_auth_user_id` FOREIGN KEY (`created_by_id`) REFERENCES `auth_user` (`id`)
) ENGINE=InnoDB AUTO_INCREMENT=38 DEFAULT CHARSET=latin1;
/*!40101 SET character_set_client = @saved_cs_client */;

--
-- Dumping data for table `coupon_edit_start`
--

LOCK TABLES `coupon_edit_start` WRITE;
/*!40000 ALTER TABLE `coupon_edit_start` DISABLE KEYS */;
INSERT INTO `coupon_edit_start` VALUES (1,'2020-05-03 23:16:10.829312','2020-05-03 23:16:10.829380','2020-05-03 23:16:10.829404',1,1),(2,'2020-05-03 23:18:37.628657','2020-05-03 23:18:37.628729','2020-05-03 23:18:37.628755',1,1),(3,'2020-05-03 23:18:57.279716','2020-05-03 23:18:57.279776','2020-05-03 23:18:57.279798',1,1),(4,'2020-05-03 23:19:11.661284','2020-05-03 23:19:11.661350','2020-05-03 23:19:11.661376',1,1),(5,'2020-05-03 23:47:17.704169','2020-05-03 23:47:17.704258','2020-05-03 23:47:17.704295',1,1),(6,'2020-05-03 23:47:23.982048','2020-05-03 23:47:23.982108','2020-05-03 23:47:23.982130',1,1),(7,'2020-05-03 23:48:06.278298','2020-05-03 23:48:06.278421','2020-05-03 23:48:06.278537',1,1),(8,'2020-05-03 23:50:58.182613','2020-05-03 23:50:58.182684','2020-05-03 23:50:58.182710',1,1),(9,'2020-05-03 23:51:05.667034','2020-05-03 23:51:05.667140','2020-05-03 23:51:05.667191',2,1),(10,'2020-05-03 23:51:36.262975','2020-05-03 23:51:36.263078','2020-05-03 23:51:36.263129',1,1),(11,'2020-05-03 23:52:07.299387','2020-05-03 23:52:07.299461','2020-05-03 23:52:07.299490',1,1),(12,'2020-05-03 23:52:21.248056','2020-05-03 23:52:21.248220','2020-05-03 23:52:21.248307',1,1),(13,'2020-05-03 23:52:52.243073','2020-05-03 23:52:52.243184','2020-05-03 23:52:52.243234',1,1),(14,'2020-05-03 23:53:07.173070','2020-05-03 23:53:07.173138','2020-05-03 23:53:07.173166',1,1),(15,'2020-05-03 23:54:54.799159','2020-05-03 23:54:54.799224','2020-05-03 23:54:54.799246',1,1),(16,'2020-05-04 00:06:03.306576','2020-05-04 00:06:03.306668','2020-05-04 00:06:03.306709',1,1),(17,'2020-05-04 00:09:06.669918','2020-05-04 00:09:06.670014','2020-05-04 00:09:06.670059',1,1),(18,'2020-05-04 00:09:26.461818','2020-05-04 00:09:26.461922','2020-05-04 00:09:26.461974',1,1),(19,'2020-05-04 00:09:46.402078','2020-05-04 00:09:46.402180','2020-05-04 00:09:46.402227',1,1),(20,'2020-05-04 00:13:54.894474','2020-05-04 00:13:54.894582','2020-05-04 00:13:54.894634',2,1),(21,'2020-05-04 00:16:09.422524','2020-05-04 00:16:09.422633','2020-05-04 00:16:09.422686',1,1),(22,'2020-05-04 00:20:13.618431','2020-05-04 00:20:13.618529','2020-05-04 00:20:13.618573',1,1),(23,'2020-05-04 00:29:41.597238','2020-05-04 00:29:41.597357','2020-05-04 00:29:41.597413',1,1),(24,'2020-05-04 00:29:54.393957','2020-05-04 00:29:54.394075','2020-05-04 00:29:54.394129',1,1),(25,'2020-05-04 00:30:54.199362','2020-05-04 00:30:54.199458','2020-05-04 00:30:54.199497',4,1),(26,'2020-05-04 00:31:28.923196','2020-05-04 00:31:28.923296','2020-05-04 00:31:28.923342',1,1),(27,'2020-05-04 00:33:32.866799','2020-05-04 00:33:32.866860','2020-05-04 00:33:32.866882',1,1),(28,'2020-05-04 00:33:59.051112','2020-05-04 00:33:59.051219','2020-05-04 00:33:59.051268',1,1),(29,'2020-05-04 00:34:25.600765','2020-05-04 00:34:25.600852','2020-05-04 00:34:25.600884',1,1),(30,'2020-05-04 00:35:11.086356','2020-05-04 00:35:11.086452','2020-05-04 00:35:11.086490',1,1),(31,'2020-05-04 00:35:54.669284','2020-05-04 00:35:54.669345','2020-05-04 00:35:54.669374',1,1),(32,'2020-05-04 00:36:06.998512','2020-05-04 00:36:06.998615','2020-05-04 00:36:06.998663',1,1),(33,'2020-05-04 00:36:32.999850','2020-05-04 00:36:32.999947','2020-05-04 00:36:32.999995',1,1),(34,'2020-05-04 01:45:03.425593','2020-05-04 01:45:03.425728','2020-05-04 01:45:03.425785',1,2),(35,'2020-05-04 01:47:11.485828','2020-05-04 01:47:11.485928','2020-05-04 01:47:11.485958',1,2),(36,'2020-05-04 01:48:24.295061','2020-05-04 01:48:24.295161','2020-05-04 01:48:24.295202',1,2),(37,'2020-05-04 01:49:24.011673','2020-05-04 01:49:24.011776','2020-05-04 01:49:24.011827',1,2);
/*!40000 ALTER TABLE `coupon_edit_start` ENABLE KEYS */;
UNLOCK TABLES;

--
-- Table structure for table `coupon_log`
--

DROP TABLE IF EXISTS `coupon_log`;
/*!40101 SET @saved_cs_client     = @@character_set_client */;
/*!40101 SET character_set_client = utf8 */;
CREATE TABLE `coupon_log` (
  `id` int(11) NOT NULL AUTO_INCREMENT,
  `created_at` datetime(6) DEFAULT NULL,
  `updated_at` datetime(6) NOT NULL,
  `coupon_id` int(11) DEFAULT NULL,
  `created_by_id` int(11) DEFAULT NULL,
  `published` tinyint(1) NOT NULL,
  `unpublished` tinyint(1) NOT NULL,
  PRIMARY KEY (`id`),
  KEY `coupon_log_coupon_id_99a6df43_fk_coupon_id` (`coupon_id`),
  KEY `coupon_log_created_by_id_e95e9404_fk_auth_user_id` (`created_by_id`),
  CONSTRAINT `coupon_log_coupon_id_99a6df43_fk_coupon_id` FOREIGN KEY (`coupon_id`) REFERENCES `coupon` (`id`),
  CONSTRAINT `coupon_log_created_by_id_e95e9404_fk_auth_user_id` FOREIGN KEY (`created_by_id`) REFERENCES `auth_user` (`id`)
) ENGINE=InnoDB AUTO_INCREMENT=20 DEFAULT CHARSET=latin1;
/*!40101 SET character_set_client = @saved_cs_client */;

--
-- Dumping data for table `coupon_log`
--

LOCK TABLES `coupon_log` WRITE;
/*!40000 ALTER TABLE `coupon_log` DISABLE KEYS */;
INSERT INTO `coupon_log` VALUES (1,'2020-05-03 21:14:15.123726','2020-05-03 21:14:15.123803',1,1,0,0),(2,'2020-05-03 21:14:31.732264','2020-05-03 21:14:31.732311',3,1,0,0),(3,'2020-05-03 22:24:22.950396','2020-05-03 22:24:22.950483',2,1,0,0),(4,'2020-05-03 22:24:51.020794','2020-05-03 22:24:51.020835',4,1,0,0),(5,'2020-05-03 22:25:14.168043','2020-05-03 22:25:14.168117',16,1,0,0),(6,'2020-05-03 22:28:03.303060','2020-05-03 22:28:03.303106',5,1,0,0),(7,'2020-05-03 22:28:09.407421','2020-05-03 22:28:09.407510',15,1,0,0),(8,'2020-05-03 22:31:54.044941','2020-05-03 22:31:54.044991',4,1,0,1),(9,'2020-05-03 22:32:38.750752','2020-05-03 22:32:38.750799',5,1,0,1),(10,'2020-05-03 22:33:28.193423','2020-05-03 22:33:28.193507',1,1,0,1),(11,'2020-05-03 22:34:18.661405','2020-05-03 22:34:18.661572',2,1,0,1),(12,'2020-05-03 22:35:11.369603','2020-05-03 22:35:11.369648',2,1,1,0),(13,'2020-05-03 22:35:12.970166','2020-05-03 22:35:12.970218',2,1,0,1),(14,'2020-05-03 22:38:28.639278','2020-05-03 22:38:28.639404',2,1,1,0),(15,'2020-05-03 22:38:31.135504','2020-05-03 22:38:31.135560',2,1,0,1),(16,'2020-05-03 22:40:39.132670','2020-05-03 22:40:39.132722',2,1,1,0),(17,'2020-05-03 22:40:40.593866','2020-05-03 22:40:40.593920',2,1,0,1),(18,'2020-05-03 23:21:20.312848','2020-05-03 23:21:20.312927',1,1,1,0),(19,'2020-05-04 01:49:41.586583','2020-05-04 01:49:41.586780',4,2,1,0);
/*!40000 ALTER TABLE `coupon_log` ENABLE KEYS */;
UNLOCK TABLES;

--
-- Table structure for table `coupon_type`
--

DROP TABLE IF EXISTS `coupon_type`;
/*!40101 SET @saved_cs_client     = @@character_set_client */;
/*!40101 SET character_set_client = utf8 */;
CREATE TABLE `coupon_type` (
  `id` int(11) NOT NULL AUTO_INCREMENT,
  `name` varchar(250) DEFAULT NULL,
  `created_at` datetime(6) DEFAULT NULL,
  `updated_at` datetime(6) NOT NULL,
  PRIMARY KEY (`id`)
) ENGINE=InnoDB AUTO_INCREMENT=21 DEFAULT CHARSET=latin1;
/*!40101 SET character_set_client = @saved_cs_client */;

--
-- Dumping data for table `coupon_type`
--

LOCK TABLES `coupon_type` WRITE;
/*!40000 ALTER TABLE `coupon_type` DISABLE KEYS */;
INSERT INTO `coupon_type` VALUES (1,'category','2020-05-02 12:07:22.850919','2020-05-02 12:07:22.850973'),(2,'coupon','2020-05-02 12:07:23.083402','2020-05-02 12:07:23.083452'),(3,'freeshipping','2020-05-02 12:07:23.392964','2020-05-02 12:07:23.393018'),(4,'percent','2020-05-02 12:07:23.616162','2020-05-02 12:07:23.616232'),(5,'category-coupon','2020-05-02 12:07:23.750451','2020-05-02 12:07:23.750526'),(6,'shipping-offer','2020-05-02 12:07:24.887217','2020-05-02 12:07:24.887305'),(7,'offer','2020-05-02 12:07:24.985005','2020-05-02 12:07:24.985087'),(8,'dollar','2020-05-02 12:07:25.776704','2020-05-02 12:07:25.776755'),(9,'newcustomer','2020-05-02 12:07:26.988893','2020-05-02 12:07:26.988948'),(10,'sale','2020-05-02 12:07:27.571396','2020-05-02 12:07:27.571471'),(11,'category-sale','2020-05-02 12:07:28.259879','2020-05-02 12:07:28.259992'),(12,'clearance','2020-05-02 12:07:31.228528','2020-05-02 12:07:31.228596'),(13,'totallyfreeshipping','2020-05-02 12:07:33.936612','2020-05-02 12:07:33.936789'),(14,'product-sale','2020-05-02 12:07:36.664495','2020-05-02 12:07:36.664571'),(15,'friends-family','2020-05-02 12:07:42.336563','2020-05-02 12:07:42.336628'),(16,'gift','2020-05-02 12:07:54.341678','2020-05-02 12:07:54.341763'),(17,'bogo','2020-05-02 12:07:54.542365','2020-05-02 12:07:54.542451'),(18,'product-coupon','2020-05-02 12:07:54.676124','2020-05-02 12:07:54.676171'),(19,'fmtc-exclusive','2020-05-02 12:08:30.010283','2020-05-02 12:08:30.010383'),(20,'free-trial','2020-05-02 12:08:33.778110','2020-05-02 12:08:33.778172');
/*!40000 ALTER TABLE `coupon_type` ENABLE KEYS */;
UNLOCK TABLES;

--
-- Table structure for table `dashboard_userdashboardmodule`
--

DROP TABLE IF EXISTS `dashboard_userdashboardmodule`;
/*!40101 SET @saved_cs_client     = @@character_set_client */;
/*!40101 SET character_set_client = utf8 */;
CREATE TABLE `dashboard_userdashboardmodule` (
  `id` int(11) NOT NULL AUTO_INCREMENT,
  `title` varchar(255) NOT NULL,
  `module` varchar(255) NOT NULL,
  `app_label` varchar(255) DEFAULT NULL,
  `user` int(10) unsigned NOT NULL,
  `column` int(10) unsigned NOT NULL,
  `order` int(11) NOT NULL,
  `settings` longtext NOT NULL,
  `children` longtext NOT NULL,
  `collapsed` tinyint(1) NOT NULL,
  PRIMARY KEY (`id`)
) ENGINE=InnoDB AUTO_INCREMENT=7 DEFAULT CHARSET=latin1;
/*!40101 SET character_set_client = @saved_cs_client */;

--
-- Dumping data for table `dashboard_userdashboardmodule`
--

LOCK TABLES `dashboard_userdashboardmodule` WRITE;
/*!40000 ALTER TABLE `dashboard_userdashboardmodule` DISABLE KEYS */;
INSERT INTO `dashboard_userdashboardmodule` VALUES (1,'Quick links','jet.dashboard.modules.LinkList',NULL,1,0,0,'{\"draggable\": false, \"deletable\": false, \"collapsible\": false, \"layout\": \"inline\"}','[{\"title\": \"Return to site\", \"url\": \"/\"}, {\"title\": \"Change password\", \"url\": \"/admin/password_change/\"}, {\"title\": \"Log out\", \"url\": \"/admin/logout/\"}]',0),(2,'Applications','jet.dashboard.modules.AppList',NULL,1,1,0,'{\"models\": null, \"exclude\": [\"auth.*\"]}','',0),(3,'Administration','jet.dashboard.modules.AppList',NULL,1,2,0,'{\"models\": [\"auth.*\"], \"exclude\": null}','',0),(4,'Recent Actions','jet.dashboard.modules.RecentActions',NULL,1,0,1,'{\"limit\": 10, \"include_list\": null, \"exclude_list\": null, \"user\": null}','',0),(5,'Latest Django News','jet.dashboard.modules.Feed',NULL,1,1,1,'{\"feed_url\": \"http://www.djangoproject.com/rss/weblog/\", \"limit\": 5}','',0),(6,'Support','jet.dashboard.modules.LinkList',NULL,1,2,1,'{\"draggable\": true, \"deletable\": true, \"collapsible\": true, \"layout\": \"stacked\"}','[{\"title\": \"Django documentation\", \"url\": \"http://docs.djangoproject.com/\", \"external\": true}, {\"title\": \"Django \\\"django-users\\\" mailing list\", \"url\": \"http://groups.google.com/group/django-users\", \"external\": true}, {\"title\": \"Django irc channel\", \"url\": \"irc://irc.freenode.net/django\", \"external\": true}]',0);
/*!40000 ALTER TABLE `dashboard_userdashboardmodule` ENABLE KEYS */;
UNLOCK TABLES;

--
-- Table structure for table `django_admin_log`
--

DROP TABLE IF EXISTS `django_admin_log`;
/*!40101 SET @saved_cs_client     = @@character_set_client */;
/*!40101 SET character_set_client = utf8 */;
CREATE TABLE `django_admin_log` (
  `id` int(11) NOT NULL AUTO_INCREMENT,
  `action_time` datetime(6) NOT NULL,
  `object_id` longtext,
  `object_repr` varchar(200) NOT NULL,
  `action_flag` smallint(5) unsigned NOT NULL,
  `change_message` longtext NOT NULL,
  `content_type_id` int(11) DEFAULT NULL,
  `user_id` int(11) NOT NULL,
  PRIMARY KEY (`id`),
  KEY `django_admin_log_content_type_id_c4bce8eb_fk_django_co` (`content_type_id`),
  KEY `django_admin_log_user_id_c564eba6_fk_auth_user_id` (`user_id`),
  CONSTRAINT `django_admin_log_content_type_id_c4bce8eb_fk_django_co` FOREIGN KEY (`content_type_id`) REFERENCES `django_content_type` (`id`),
  CONSTRAINT `django_admin_log_user_id_c564eba6_fk_auth_user_id` FOREIGN KEY (`user_id`) REFERENCES `auth_user` (`id`)
) ENGINE=InnoDB AUTO_INCREMENT=8 DEFAULT CHARSET=latin1;
/*!40101 SET character_set_client = @saved_cs_client */;

--
-- Dumping data for table `django_admin_log`
--

LOCK TABLES `django_admin_log` WRITE;
/*!40000 ALTER TABLE `django_admin_log` DISABLE KEYS */;
INSERT INTO `django_admin_log` VALUES (1,'2020-05-02 14:15:57.173826','1','Super Admin',1,'[{\"added\": {}}]',12,1),(2,'2020-05-02 14:16:05.514437','2','Content Writer',1,'[{\"added\": {}}]',12,1),(3,'2020-05-02 14:16:09.121419','1','Admin User-8080758758',1,'[{\"added\": {}}]',13,1),(4,'2020-05-02 14:16:16.241174','72d003810d6a728c6468ed0eb51354e0d4d18123','72d003810d6a728c6468ed0eb51354e0d4d18123',1,'[{\"added\": {}}]',17,1),(5,'2020-05-04 01:17:44.686962','1','Admin User-8080758758',2,'[{\"changed\": {\"fields\": [\"user_type\"]}}]',13,1),(6,'2020-05-04 01:43:04.807820','2','content_writer',1,'[{\"added\": {}}]',9,1),(7,'2020-05-04 01:43:40.448636','2','Content Writer-7738424406',1,'[{\"added\": {}}]',13,1);
/*!40000 ALTER TABLE `django_admin_log` ENABLE KEYS */;
UNLOCK TABLES;

--
-- Table structure for table `django_content_type`
--

DROP TABLE IF EXISTS `django_content_type`;
/*!40101 SET @saved_cs_client     = @@character_set_client */;
/*!40101 SET character_set_client = utf8 */;
CREATE TABLE `django_content_type` (
  `id` int(11) NOT NULL AUTO_INCREMENT,
  `app_label` varchar(100) NOT NULL,
  `model` varchar(100) NOT NULL,
  PRIMARY KEY (`id`),
  UNIQUE KEY `django_content_type_app_label_model_76bd3d3b_uniq` (`app_label`,`model`)
) ENGINE=InnoDB AUTO_INCREMENT=22 DEFAULT CHARSET=latin1;
/*!40101 SET character_set_client = @saved_cs_client */;

--
-- Dumping data for table `django_content_type`
--

LOCK TABLES `django_content_type` WRITE;
/*!40000 ALTER TABLE `django_content_type` DISABLE KEYS */;
INSERT INTO `django_content_type` VALUES (6,'admin','logentry'),(8,'auth','group'),(7,'auth','permission'),(9,'auth','user'),(17,'authtoken','token'),(10,'contenttypes','contenttype'),(19,'corsheaders','corsmodel'),(1,'coupons','brand'),(5,'coupons','coupon'),(2,'coupons','couponcategories'),(21,'coupons','couponeditstart'),(20,'coupons','couponlog'),(3,'coupons','coupontype'),(4,'coupons','local'),(18,'dashboard','userdashboardmodule'),(14,'jet','bookmark'),(15,'jet','pinnedapplication'),(16,'jet','userdashboardmodule'),(11,'sessions','session'),(13,'users','platformuser'),(12,'users','usertype');
/*!40000 ALTER TABLE `django_content_type` ENABLE KEYS */;
UNLOCK TABLES;

--
-- Table structure for table `django_migrations`
--

DROP TABLE IF EXISTS `django_migrations`;
/*!40101 SET @saved_cs_client     = @@character_set_client */;
/*!40101 SET character_set_client = utf8 */;
CREATE TABLE `django_migrations` (
  `id` int(11) NOT NULL AUTO_INCREMENT,
  `app` varchar(255) NOT NULL,
  `name` varchar(255) NOT NULL,
  `applied` datetime(6) NOT NULL,
  PRIMARY KEY (`id`)
) ENGINE=InnoDB AUTO_INCREMENT=34 DEFAULT CHARSET=latin1;
/*!40101 SET character_set_client = @saved_cs_client */;

--
-- Dumping data for table `django_migrations`
--

LOCK TABLES `django_migrations` WRITE;
/*!40000 ALTER TABLE `django_migrations` DISABLE KEYS */;
INSERT INTO `django_migrations` VALUES (1,'contenttypes','0001_initial','2020-05-02 11:55:49.976045'),(2,'auth','0001_initial','2020-05-02 11:55:54.523863'),(3,'admin','0001_initial','2020-05-02 11:56:03.567760'),(4,'admin','0002_logentry_remove_auto_add','2020-05-02 11:56:05.559696'),(5,'admin','0003_logentry_add_action_flag_choices','2020-05-02 11:56:05.614777'),(6,'contenttypes','0002_remove_content_type_name','2020-05-02 11:56:07.054291'),(7,'auth','0002_alter_permission_name_max_length','2020-05-02 11:56:07.178163'),(8,'auth','0003_alter_user_email_max_length','2020-05-02 11:56:07.311839'),(9,'auth','0004_alter_user_username_opts','2020-05-02 11:56:07.376534'),(10,'auth','0005_alter_user_last_login_null','2020-05-02 11:56:08.240349'),(11,'auth','0006_require_contenttypes_0002','2020-05-02 11:56:08.308708'),(12,'auth','0007_alter_validators_add_error_messages','2020-05-02 11:56:08.372744'),(13,'auth','0008_alter_user_username_max_length','2020-05-02 11:56:08.620317'),(14,'auth','0009_alter_user_last_name_max_length','2020-05-02 11:56:08.733786'),(15,'auth','0010_alter_group_name_max_length','2020-05-02 11:56:08.878176'),(16,'auth','0011_update_proxy_permissions','2020-05-02 11:56:08.941083'),(17,'coupons','0001_initial','2020-05-02 11:56:12.523862'),(18,'sessions','0001_initial','2020-05-02 11:56:23.334571'),(19,'users','0001_initial','2020-05-02 12:26:25.101952'),(20,'jet','0001_initial','2020-05-02 12:38:59.075843'),(21,'jet','0002_delete_userdashboardmodule','2020-05-02 12:38:59.631585'),(22,'jet','0003_userdashboardmodule','2020-05-02 12:39:00.096427'),(23,'coupons','0002_auto_20200502_1259','2020-05-02 12:59:58.824046'),(24,'coupons','0003_coupon_published','2020-05-02 13:14:49.859760'),(25,'authtoken','0001_initial','2020-05-02 14:12:53.076338'),(26,'authtoken','0002_auto_20160226_1747','2020-05-02 14:12:55.076249'),(27,'corsheaders','0001_initial','2020-05-02 14:12:55.550218'),(28,'dashboard','0001_initial','2020-05-02 14:12:56.180000'),(29,'jet','0004_delete_userdashboardmodule','2020-05-02 14:12:56.452057'),(30,'coupons','0004_couponlog','2020-05-03 20:00:21.992898'),(31,'coupons','0005_auto_20200504_0401','2020-05-03 22:31:40.930384'),(32,'coupons','0006_auto_20200504_0432','2020-05-03 23:03:08.836677'),(33,'coupons','0007_auto_20200504_0443','2020-05-03 23:13:13.065663');
/*!40000 ALTER TABLE `django_migrations` ENABLE KEYS */;
UNLOCK TABLES;

--
-- Table structure for table `django_session`
--

DROP TABLE IF EXISTS `django_session`;
/*!40101 SET @saved_cs_client     = @@character_set_client */;
/*!40101 SET character_set_client = utf8 */;
CREATE TABLE `django_session` (
  `session_key` varchar(40) NOT NULL,
  `session_data` longtext NOT NULL,
  `expire_date` datetime(6) NOT NULL,
  PRIMARY KEY (`session_key`),
  KEY `django_session_expire_date_a5c62663` (`expire_date`)
) ENGINE=InnoDB DEFAULT CHARSET=latin1;
/*!40101 SET character_set_client = @saved_cs_client */;

--
-- Dumping data for table `django_session`
--

LOCK TABLES `django_session` WRITE;
/*!40000 ALTER TABLE `django_session` DISABLE KEYS */;
INSERT INTO `django_session` VALUES ('3hqehyf6m97tk5l1ux4knoxl538j1zg0','ODE1Mjc0OWRhOTBhZTgyMjllNjMxN2UyMzFkMWI2Y2YyMDQ2MGYzNjp7Il9hdXRoX3VzZXJfaWQiOiIxIiwiX2F1dGhfdXNlcl9iYWNrZW5kIjoiZGphbmdvLmNvbnRyaWIuYXV0aC5iYWNrZW5kcy5Nb2RlbEJhY2tlbmQiLCJfYXV0aF91c2VyX2hhc2giOiJlZWYyZGM5NjIwYTczOTQ3NzBlMzJiNjFlMzAzNDUxNmI2ZTE3YTU1In0=','2020-05-16 13:33:00.432507'),('lmrg77dwn18lluuzwrihfs1obcoskgjz','ODE1Mjc0OWRhOTBhZTgyMjllNjMxN2UyMzFkMWI2Y2YyMDQ2MGYzNjp7Il9hdXRoX3VzZXJfaWQiOiIxIiwiX2F1dGhfdXNlcl9iYWNrZW5kIjoiZGphbmdvLmNvbnRyaWIuYXV0aC5iYWNrZW5kcy5Nb2RlbEJhY2tlbmQiLCJfYXV0aF91c2VyX2hhc2giOiJlZWYyZGM5NjIwYTczOTQ3NzBlMzJiNjFlMzAzNDUxNmI2ZTE3YTU1In0=','2020-05-17 18:31:34.956774'),('rrzbm5mewpzmz1hcehbmf9pwpsiq1mjc','ODE1Mjc0OWRhOTBhZTgyMjllNjMxN2UyMzFkMWI2Y2YyMDQ2MGYzNjp7Il9hdXRoX3VzZXJfaWQiOiIxIiwiX2F1dGhfdXNlcl9iYWNrZW5kIjoiZGphbmdvLmNvbnRyaWIuYXV0aC5iYWNrZW5kcy5Nb2RlbEJhY2tlbmQiLCJfYXV0aF91c2VyX2hhc2giOiJlZWYyZGM5NjIwYTczOTQ3NzBlMzJiNjFlMzAzNDUxNmI2ZTE3YTU1In0=','2020-05-16 12:02:42.245174');
/*!40000 ALTER TABLE `django_session` ENABLE KEYS */;
UNLOCK TABLES;

--
-- Table structure for table `jet_bookmark`
--

DROP TABLE IF EXISTS `jet_bookmark`;
/*!40101 SET @saved_cs_client     = @@character_set_client */;
/*!40101 SET character_set_client = utf8 */;
CREATE TABLE `jet_bookmark` (
  `id` int(11) NOT NULL AUTO_INCREMENT,
  `url` varchar(200) NOT NULL,
  `title` varchar(255) NOT NULL,
  `user` int(10) unsigned NOT NULL,
  `date_add` datetime(6) NOT NULL,
  PRIMARY KEY (`id`)
) ENGINE=InnoDB DEFAULT CHARSET=latin1;
/*!40101 SET character_set_client = @saved_cs_client */;

--
-- Dumping data for table `jet_bookmark`
--

LOCK TABLES `jet_bookmark` WRITE;
/*!40000 ALTER TABLE `jet_bookmark` DISABLE KEYS */;
/*!40000 ALTER TABLE `jet_bookmark` ENABLE KEYS */;
UNLOCK TABLES;

--
-- Table structure for table `jet_pinnedapplication`
--

DROP TABLE IF EXISTS `jet_pinnedapplication`;
/*!40101 SET @saved_cs_client     = @@character_set_client */;
/*!40101 SET character_set_client = utf8 */;
CREATE TABLE `jet_pinnedapplication` (
  `id` int(11) NOT NULL AUTO_INCREMENT,
  `app_label` varchar(255) NOT NULL,
  `user` int(10) unsigned NOT NULL,
  `date_add` datetime(6) NOT NULL,
  PRIMARY KEY (`id`)
) ENGINE=InnoDB DEFAULT CHARSET=latin1;
/*!40101 SET character_set_client = @saved_cs_client */;

--
-- Dumping data for table `jet_pinnedapplication`
--

LOCK TABLES `jet_pinnedapplication` WRITE;
/*!40000 ALTER TABLE `jet_pinnedapplication` DISABLE KEYS */;
/*!40000 ALTER TABLE `jet_pinnedapplication` ENABLE KEYS */;
UNLOCK TABLES;

--
-- Table structure for table `local`
--

DROP TABLE IF EXISTS `local`;
/*!40101 SET @saved_cs_client     = @@character_set_client */;
/*!40101 SET character_set_client = utf8 */;
CREATE TABLE `local` (
  `id` int(11) NOT NULL AUTO_INCREMENT,
  `name` varchar(250) DEFAULT NULL,
  `created_at` datetime(6) DEFAULT NULL,
  `updated_at` datetime(6) NOT NULL,
  PRIMARY KEY (`id`)
) ENGINE=InnoDB DEFAULT CHARSET=latin1;
/*!40101 SET character_set_client = @saved_cs_client */;

--
-- Dumping data for table `local`
--

LOCK TABLES `local` WRITE;
/*!40000 ALTER TABLE `local` DISABLE KEYS */;
/*!40000 ALTER TABLE `local` ENABLE KEYS */;
UNLOCK TABLES;

--
-- Table structure for table `platform_user`
--

DROP TABLE IF EXISTS `platform_user`;
/*!40101 SET @saved_cs_client     = @@character_set_client */;
/*!40101 SET character_set_client = utf8 */;
CREATE TABLE `platform_user` (
  `id` int(11) NOT NULL AUTO_INCREMENT,
  `uid` varchar(25) DEFAULT NULL,
  `first_name` varchar(100) DEFAULT NULL,
  `last_name` varchar(100) DEFAULT NULL,
  `mobile` varchar(10) DEFAULT NULL,
  `email` varchar(100) DEFAULT NULL,
  `designation` varchar(100) DEFAULT NULL,
  `created_at` datetime(6) DEFAULT NULL,
  `updated_at` datetime(6) DEFAULT NULL,
  `is_deleted` tinyint(1) NOT NULL,
  `created_by_id` int(11) DEFAULT NULL,
  `user_id` int(11) DEFAULT NULL,
  `user_type_id` int(11) DEFAULT NULL,
  PRIMARY KEY (`id`),
  UNIQUE KEY `mobile` (`mobile`),
  UNIQUE KEY `email` (`email`),
  KEY `platform_user_created_by_id_3d604985_fk_auth_user_id` (`created_by_id`),
  KEY `platform_user_user_id_89ba4b60_fk_auth_user_id` (`user_id`),
  KEY `platform_user_user_type_id_f7c7b210_fk_user_type_id` (`user_type_id`),
  CONSTRAINT `platform_user_created_by_id_3d604985_fk_auth_user_id` FOREIGN KEY (`created_by_id`) REFERENCES `auth_user` (`id`),
  CONSTRAINT `platform_user_user_id_89ba4b60_fk_auth_user_id` FOREIGN KEY (`user_id`) REFERENCES `auth_user` (`id`),
  CONSTRAINT `platform_user_user_type_id_f7c7b210_fk_user_type_id` FOREIGN KEY (`user_type_id`) REFERENCES `user_type` (`id`)
) ENGINE=InnoDB AUTO_INCREMENT=3 DEFAULT CHARSET=latin1;
/*!40101 SET character_set_client = @saved_cs_client */;

--
-- Dumping data for table `platform_user`
--

LOCK TABLES `platform_user` WRITE;
/*!40000 ALTER TABLE `platform_user` DISABLE KEYS */;
INSERT INTO `platform_user` VALUES (1,'1','Admin User',NULL,'8080758758','admin@guild.com',NULL,'2020-05-02 14:16:09.120311','2020-05-04 01:17:44.658232',0,1,1,1),(2,'2','Content Writer',NULL,'7738424406','bhartiya.shubham08@gmail.com',NULL,'2020-05-04 01:43:40.447656','2020-05-04 01:43:40.447705',0,1,2,2);
/*!40000 ALTER TABLE `platform_user` ENABLE KEYS */;
UNLOCK TABLES;

--
-- Table structure for table `user_type`
--

DROP TABLE IF EXISTS `user_type`;
/*!40101 SET @saved_cs_client     = @@character_set_client */;
/*!40101 SET character_set_client = utf8 */;
CREATE TABLE `user_type` (
  `id` int(11) NOT NULL AUTO_INCREMENT,
  `name` varchar(250) DEFAULT NULL,
  `priority` int(11) NOT NULL,
  `is_deleted` tinyint(1) NOT NULL,
  `created_at` datetime(6) DEFAULT NULL,
  `updated_at` datetime(6) NOT NULL,
  PRIMARY KEY (`id`)
) ENGINE=InnoDB AUTO_INCREMENT=3 DEFAULT CHARSET=latin1;
/*!40101 SET character_set_client = @saved_cs_client */;

--
-- Dumping data for table `user_type`
--

LOCK TABLES `user_type` WRITE;
/*!40000 ALTER TABLE `user_type` DISABLE KEYS */;
INSERT INTO `user_type` VALUES (1,'Super Admin',1,0,'2020-05-02 14:15:57.172838','2020-05-02 14:15:57.172883'),(2,'Content Writer',2,0,'2020-05-02 14:16:05.509661','2020-05-02 14:16:05.509708');
/*!40000 ALTER TABLE `user_type` ENABLE KEYS */;
UNLOCK TABLES;
/*!40103 SET TIME_ZONE=@OLD_TIME_ZONE */;

/*!40101 SET SQL_MODE=@OLD_SQL_MODE */;
/*!40014 SET FOREIGN_KEY_CHECKS=@OLD_FOREIGN_KEY_CHECKS */;
/*!40014 SET UNIQUE_CHECKS=@OLD_UNIQUE_CHECKS */;
/*!40101 SET CHARACTER_SET_CLIENT=@OLD_CHARACTER_SET_CLIENT */;
/*!40101 SET CHARACTER_SET_RESULTS=@OLD_CHARACTER_SET_RESULTS */;
/*!40101 SET COLLATION_CONNECTION=@OLD_COLLATION_CONNECTION */;
/*!40111 SET SQL_NOTES=@OLD_SQL_NOTES */;

-- Dump completed on 2020-05-04  7:20:31
